,"HPV Vaccination Up-To-Date, Males and Females - Age",,,,,,"HPV Vaccination Up-To-Date, Males and Females - Poverty",,,,,,,,,,,,,,,,,,"HPV Vaccination Up-To-Date, Males and Females - Race/Ethnicity",,,,,,,,,,,,,,,,,,,,,,,,,,,,,,"HPV Vaccination Up-To-Date, Males and Females - Urbanicity",,,,,,,,,,,,,,,,,,"HPV Vaccination Up-To-Date, Female - Age",,,,,,"HPV Vaccination Up-To-Date, Female - Poverty",,,,,,,,,,,,,,,,,,"HPV Vaccination Up-To-Date, Female - Race/Ethnicity",,,,,,,,,,,,,,,,,,,,,,,,,,"HPV Vaccination Up-To-Date, Female - Urbanicity",,,,,,,,,,,,,,,,,,"HPV Vaccination Up-To-Date, Male - Age",,,,,,"HPV Vaccination Up-To-Date, Male - Poverty",,,,,,,,,,,,,,,,,,"HPV Vaccination Up-To-Date, Male - Race/Ethnicity",,,,,,,,,,,,,,,,,,,,,,,,,,,,"HPV Vaccination Up-To-Date, Male - Urbanicity",,,,,,,,,,,,,,,,,
,13-17 Years,,,,,,Living At or Above Poverty,,,,,,Living Below Poverty,,,,,,Unknown Poverty Status,,,,,,American Indian or Alaska Native only non-Hispanic,,,,,,Asian only non-Hispanic,,,,,,Black only non-Hispanic,,,,,,Hispanic,,,,,,White only non-Hispanic,,,,,,Living In A Non MSA,,,,,,Living In An MSA Central City,,,,,,Living In An MSA Non Central City,,,,,,13-17 Years,,,,,,Living At or Above Poverty,,,,,,Living Below Poverty,,,,,,Unknown Poverty Status,,,,,,American Indian or Alaska Native only non-Hispanic,,,,Asian only non-Hispanic,,,,Black only non-Hispanic,,,,,,Hispanic,,,,,,White only non-Hispanic,,,,,,Living In A Non MSA,,,,,,Living In An MSA Central City,,,,,,Living In An MSA Non Central City,,,,,,13-17 Years,,,,,,Living At or Above Poverty,,,,,,Living Below Poverty,,,,,,Unknown Poverty Status,,,,,,American Indian or Alaska Native only non-Hispanic,,,,Asian only non-Hispanic,,,,,,Black only non-Hispanic,,,,,,Hispanic,,,,,,White only non-Hispanic,,,,,,Living In A Non MSA,,,,,,Living In An MSA Central City,,,,,,Living In An MSA Non Central City,,,,,
Names,2018,LL,UL,CI,SAMPLE SIZE,TARGET,2018,LL,UL,CI,SAMPLE SIZE,TARGET,2018,LL,UL,CI,SAMPLE SIZE,TARGET,2018,LL,UL,CI,SAMPLE SIZE,TARGET,2018,LL,UL,CI,SAMPLE SIZE,TARGET,2018,LL,UL,CI,SAMPLE SIZE,TARGET,2018,LL,UL,CI,SAMPLE SIZE,TARGET,2018,LL,UL,CI,SAMPLE SIZE,TARGET,2018,LL,UL,CI,SAMPLE SIZE,TARGET,2018,LL,UL,CI,SAMPLE SIZE,TARGET,2018,LL,UL,CI,SAMPLE SIZE,TARGET,2018,LL,UL,CI,SAMPLE SIZE,TARGET,2018,LL,UL,CI,SAMPLE SIZE,TARGET,2018,LL,UL,CI,SAMPLE SIZE,TARGET,2018,LL,UL,CI,SAMPLE SIZE,TARGET,2018,LL,UL,CI,SAMPLE SIZE,TARGET,2018,CI,SAMPLE SIZE,TARGET,2018,CI,SAMPLE SIZE,TARGET,2018,LL,UL,CI,SAMPLE SIZE,TARGET,2018,LL,UL,CI,SAMPLE SIZE,TARGET,2018,LL,UL,CI,SAMPLE SIZE,TARGET,2018,LL,UL,CI,SAMPLE SIZE,TARGET,2018,LL,UL,CI,SAMPLE SIZE,TARGET,2018,LL,UL,CI,SAMPLE SIZE,TARGET,2018,LL,UL,CI,SAMPLE SIZE,TARGET,2018,LL,UL,CI,SAMPLE SIZE,TARGET,2018,LL,UL,CI,SAMPLE SIZE,TARGET,2018,LL,UL,CI,SAMPLE SIZE,TARGET,2018,CI,SAMPLE SIZE,TARGET,2018,LL,UL,CI,SAMPLE SIZE,TARGET,2018,LL,UL,CI,SAMPLE SIZE,TARGET,2018,LL,UL,CI,SAMPLE SIZE,TARGET,2018,LL,UL,CI,SAMPLE SIZE,TARGET,2018,LL,UL,CI,SAMPLE SIZE,TARGET,2018,LL,UL,CI,SAMPLE SIZE,TARGET,2018,LL,UL,CI,SAMPLE SIZE,TARGET
Alabama,50.2,43.4,56.9,(±6.8),327,NaN,49.0,41.4,56.6,(±7.7),258,NaN,48.7,34.0,63.7,(±15.3),58,NaN,NA,NaN,NaN,NA,NA,NaN,NA,NaN,NaN,NA,NA,NaN,NA,NaN,NaN,NA,NA,NaN,57.2,41.3,71.7,(±15.6),45,NaN,NA,NaN,NaN,NA,NA,NaN,44.2,36.8,52.0,(±7.7),238,NaN,30.9,20.2,44.1,(±12.1),82,NaN,60.7,50.0,70.4,(±10.4),124,NaN,50.2,39.4,61.1,(±11.0),121,NaN,52.0,42.4,61.4,(±9.6),155,NaN,48.4,37.8,59.1,(±10.8),126,NaN,NA,NaN,NaN,NA,NA,NaN,NA,NaN,NaN,NA,NA,NaN,NA,NA,NA,NaN,NA,NA,NA,NaN,NA,NaN,NaN,NA,NA,NaN,NA,NaN,NaN,NA,NA,NaN,45.2,34.5,56.4,(±11.1),115,NaN,48.2,29.0,68.0,(±20.6),34,NaN,56.1,41.6,69.6,(±14.4),64,NaN,48.5,32.8,64.5,(±16.4),57,NaN,48.4,39.1,57.8,(±9.5),172,NaN,49.6,38.9,60.4,(±10.9),132,NaN,40.2,22.3,61.0,(±20.4),32,NaN,NA,NaN,NaN,NA,NA,NaN,NA,NA,NA,NaN,NA,NaN,NaN,NA,NA,NaN,NA,NaN,NaN,NA,NA,NaN,NA,NaN,NaN,NA,NA,NaN,43.2,33.2,53.9,(±10.5),123,NaN,NA,NaN,NaN,NA,NA,NaN,66.2,50.7,78.9,(±14.5),60,NaN,51.9,37.4,66.1,(±14.8),64,NaN
Alaska,44.1,38.3,50.0,(±5.9),392,NaN,44.8,38.7,51.1,(±6.3),348,NaN,38.6,23.0,57.1,(±17.7),38,NaN,NA,NaN,NaN,NA,NA,NaN,47.7,32.2,63.6,(±16.3),47,NaN,NA,NaN,NaN,NA,NA,NaN,NA,NaN,NaN,NA,NA,NaN,48.5,28.9,68.6,(±21.0),30,NaN,40.2,33.1,47.8,(±7.4),238,NaN,39.9,30.2,50.6,(±10.3),119,NaN,49.5,41.4,57.7,(±8.2),207,NaN,34.7,22.6,49.2,(±13.6),66,NaN,45.3,37.0,53.9,(±8.5),193,NaN,45.2,36.4,54.3,(±9.1),172,NaN,NA,NaN,NaN,NA,NA,NaN,NA,NaN,NaN,NA,NA,NaN,NA,NA,NA,NaN,NA,NA,NA,NaN,NA,NaN,NaN,NA,NA,NaN,NA,NaN,NaN,NA,NA,NaN,42.4,31.8,53.7,(±11.1),112,NaN,41.1,27.9,55.8,(±14.3),63,NaN,51.0,39.0,63.0,(±12.2),99,NaN,NA,NaN,NaN,NA,NA,NaN,42.9,35.1,51.1,(±8.1),199,NaN,44.5,36.1,53.2,(±8.6),176,NaN,NA,NaN,NaN,NA,NA,NaN,NA,NaN,NaN,NA,NA,NaN,NA,NA,NA,NaN,NA,NaN,NaN,NA,NA,NaN,NA,NaN,NaN,NA,NA,NaN,NA,NaN,NaN,NA,NA,NaN,38.2,28.9,48.5,(±9.9),126,NaN,38.6,25.1,54.1,(±14.9),56,NaN,48.2,37.4,59.1,(±11.1),108,NaN,34.3,19.3,53.3,(±17.6),35,NaN
Arizona,50.7,43.8,57.6,(±6.9),288,NaN,40.5,33.1,48.3,(±7.6),224,NaN,71.7,55.7,83.7,(±14.3),55,NaN,NA,NaN,NaN,NA,NA,NaN,NA,NaN,NaN,NA,NA,NaN,NA,NaN,NaN,NA,NA,NaN,NA,NaN,NaN,NA,NA,NaN,64.4,53.1,74.3,(±10.8),105,NaN,39.5,30.8,49.0,(±9.2),143,NaN,NA,NaN,NaN,NA,NA,NaN,57.1,47.4,66.4,(±9.6),144,NaN,40.4,30.8,50.8,(±10.2),121,NaN,51.0,41.0,60.9,(±10.1),135,NaN,41.3,31.1,52.3,(±10.7),109,NaN,NA,NaN,NaN,NA,NA,NaN,NA,NaN,NaN,NA,NA,NaN,NA,NA,NA,NaN,NA,NA,NA,NaN,NA,NaN,NaN,NA,NA,NaN,61.2,45.2,75.1,(±15.4),51,NaN,41.0,28.6,54.7,(±13.3),68,NaN,NA,NaN,NaN,NA,NA,NaN,54.6,40.3,68.2,(±14.3),68,NaN,40.6,27.1,55.7,(±14.7),55,NaN,50.4,40.9,59.8,(±9.6),153,NaN,39.6,29.4,50.9,(±11.0),115,NaN,71.7,50.2,86.5,(±18.7),33,NaN,NA,NaN,NaN,NA,NA,NaN,NA,NA,NA,NaN,NA,NaN,NaN,NA,NA,NaN,NA,NaN,NaN,NA,NA,NaN,68.0,51.6,80.8,(±15.0),54,NaN,38.2,26.4,51.6,(±12.9),75,NaN,NA,NaN,NaN,NA,NA,NaN,59.7,46.7,71.5,(±12.6),76,NaN,40.2,27.2,54.7,(±14.1),66,NaN
Arkansas,42.6,36.0,49.5,(±6.8),308,NaN,45.2,37.3,53.3,(±8.1),219,NaN,33.3,21.9,47.0,(±12.7),78,NaN,NA,NaN,NaN,NA,NA,NaN,NA,NaN,NaN,NA,NA,NaN,NA,NaN,NaN,NA,NA,NaN,NA,NaN,NaN,NA,NA,NaN,34.1,20.4,51.2,(±15.8),44,NaN,43.0,35.3,51.0,(±7.9),219,NaN,33.0,23.2,44.5,(±10.8),114,NaN,49.2,37.7,60.8,(±11.8),104,NaN,45.5,33.4,58.2,(±12.7),90,NaN,46.4,37.0,56.1,(±9.7),155,NaN,48.0,36.5,59.6,(±11.8),105,NaN,40.5,24.6,58.7,(±17.7),43,NaN,NA,NaN,NaN,NA,NA,NaN,NA,NA,NA,NaN,NA,NA,NA,NaN,NA,NaN,NaN,NA,NA,NaN,NA,NaN,NaN,NA,NA,NaN,44.7,33.9,56.1,(±11.3),104,NaN,39.4,24.4,56.6,(±16.7),53,NaN,49.3,33.7,65.0,(±16.2),55,NaN,50.2,33.1,67.3,(±17.8),47,NaN,39.0,30.0,48.8,(±9.5),153,NaN,43.0,32.4,54.2,(±11.1),114,NaN,NA,NaN,NaN,NA,NA,NaN,NA,NaN,NaN,NA,NA,NaN,NA,NA,NA,NaN,NA,NaN,NaN,NA,NA,NaN,NA,NaN,NaN,NA,NA,NaN,NA,NaN,NaN,NA,NA,NaN,41.7,31.4,52.9,(±10.9),115,NaN,27.6,16.1,43.0,(±13.6),61,NaN,49.2,32.8,65.8,(±17.2),49,NaN,41.3,25.2,59.6,(±17.9),43,NaN
California,52.6,45.4,59.8,(±7.2),356,NaN,49.6,41.0,58.1,(±8.6),270,NaN,59.6,44.4,73.1,(±14.7),68,NaN,NA,NaN,NaN,NA,NA,NaN,NA,NaN,NaN,NA,NA,NaN,NA,NaN,NaN,NA,NA,NaN,NA,NaN,NaN,NA,NA,NaN,53.3,43.2,63.2,(±10.1),151,NaN,45.9,33.2,59.2,(±13.3),133,NaN,NA,NaN,NaN,NA,NA,NaN,54.7,44.6,64.4,(±10.0),184,NaN,49.9,39.5,60.3,(±10.5),168,NaN,50.1,40.1,60.0,(±10.1),179,NaN,51.8,39.9,63.5,(±12.0),136,NaN,40.4,23.2,60.4,(±19.5),34,NaN,NA,NaN,NaN,NA,NA,NaN,NA,NA,NA,NaN,NA,NA,NA,NaN,NA,NaN,NaN,NA,NA,NaN,45.3,32.6,58.6,(±13.3),78,NaN,54.2,35.5,71.9,(±19.1),69,NaN,NA,NaN,NaN,NA,NA,NaN,46.2,32.4,60.7,(±14.6),86,NaN,53.9,40.0,67.3,(±14.0),89,NaN,55.1,44.7,65.0,(±10.3),177,NaN,47.5,35.5,59.8,(±12.4),134,NaN,78.9,60.2,90.2,(±15.1),34,NaN,NA,NaN,NaN,NA,NA,NaN,NA,NA,NA,NaN,NA,NaN,NaN,NA,NA,NaN,NA,NaN,NaN,NA,NA,NaN,62.5,46.9,75.8,(±14.8),73,NaN,38.6,22.5,57.6,(±18.3),64,NaN,NA,NaN,NaN,NA,NA,NaN,62.0,48.3,74.0,(±13.1),98,NaN,45.6,30.7,61.4,(±15.8),79,NaN
Colorado,62.5,55.0,69.4,(±7.3),278,NaN,62.8,54.9,70.0,(±7.6),246,NaN,NA,NaN,NaN,NA,NA,NaN,NA,NaN,NaN,NA,NA,NaN,NA,NaN,NaN,NA,NA,NaN,NA,NaN,NaN,NA,NA,NaN,NA,NaN,NaN,NA,NA,NaN,70.1,54.5,82.1,(±14.0),66,NaN,59.3,50.1,68.0,(±9.0),178,NaN,NA,NaN,NaN,NA,NA,NaN,68.8,58.9,77.2,(±9.2),152,NaN,54.1,41.7,65.9,(±12.3),100,NaN,59.0,48.0,69.2,(±10.8),131,NaN,57.9,46.0,68.8,(±11.6),116,NaN,NA,NaN,NaN,NA,NA,NaN,NA,NaN,NaN,NA,NA,NaN,NA,NA,NA,NaN,NA,NA,NA,NaN,NA,NaN,NaN,NA,NA,NaN,NA,NaN,NaN,NA,NA,NaN,52.7,39.5,65.6,(±13.4),86,NaN,NA,NaN,NaN,NA,NA,NaN,63.0,48.5,75.5,(±13.8),72,NaN,51.7,33.9,69.1,(±18.4),46,NaN,65.8,55.6,74.8,(±9.7),147,NaN,67.3,56.9,76.3,(±9.8),130,NaN,NA,NaN,NaN,NA,NA,NaN,NA,NaN,NaN,NA,NA,NaN,NA,NA,NA,NaN,NA,NaN,NaN,NA,NA,NaN,NA,NaN,NaN,NA,NA,NaN,72.5,52.9,86.1,(±17.0),38,NaN,66.4,53.9,77.0,(±11.7),92,NaN,NA,NaN,NaN,NA,NA,NaN,74.2,60.4,84.5,(±12.2),80,NaN,56.5,40.0,71.7,(±16.4),54,NaN
Connecticut,53.1,46.2,59.9,(±6.9),293,NaN,50.8,43.5,58.1,(±7.3),247,NaN,79.7,58.6,91.6,(±16.5),33,NaN,NA,NaN,NaN,NA,NA,NaN,NA,NaN,NaN,NA,NA,NaN,NA,NaN,NaN,NA,NA,NaN,NA,NaN,NaN,NA,NA,NaN,60.6,44.5,74.6,(±15.5),54,NaN,47.9,39.8,56.2,(±8.3),201,NaN,NA,NaN,NaN,NA,NA,NaN,57.5,44.8,69.2,(±12.5),85,NaN,52.5,44.1,60.8,(±8.4),199,NaN,54.7,44.9,64.2,(±9.7),139,NaN,48.4,37.9,59.0,(±10.7),112,NaN,NA,NaN,NaN,NA,NA,NaN,NA,NaN,NaN,NA,NA,NaN,NA,NA,NA,NaN,NA,NA,NA,NaN,NA,NaN,NaN,NA,NA,NaN,NA,NaN,NaN,NA,NA,NaN,51.2,39.4,62.9,(±12.0),94,NaN,NA,NaN,NaN,NA,NA,NaN,58.8,41.6,74.2,(±16.9),41,NaN,53.1,41.2,64.7,(±12.0),94,NaN,51.6,41.9,61.1,(±9.7),154,NaN,53.1,43.0,62.9,(±10.1),135,NaN,NA,NaN,NaN,NA,NA,NaN,NA,NaN,NaN,NA,NA,NaN,NA,NA,NA,NaN,NA,NaN,NaN,NA,NA,NaN,NA,NaN,NaN,NA,NA,NaN,NA,NaN,NaN,NA,NA,NaN,44.9,34.1,56.3,(±11.3),107,NaN,NA,NaN,NaN,NA,NA,NaN,56.4,38.5,72.7,(±17.8),44,NaN,51.9,40.2,63.4,(±11.8),105,NaN
Delaware,58.4,51.3,65.2,(±7.0),306,NaN,61.2,53.1,68.6,(±7.8),230,NaN,48.7,34.3,63.4,(±15.0),69,NaN,NA,NaN,NaN,NA,NA,NaN,NA,NaN,NaN,NA,NA,NaN,NA,NaN,NaN,NA,NA,NaN,61.9,44.4,76.7,(±16.7),42,NaN,61.7,45.4,75.6,(±15.6),67,NaN,56.9,47.8,65.5,(±8.9),172,NaN,NA,NaN,NaN,NA,NA,NaN,56.1,43.9,67.6,(±12.0),102,NaN,59.7,51.1,67.9,(±8.5),204,NaN,63.9,53.7,73.0,(±9.8),157,NaN,65.3,53.6,75.5,(±11.1),118,NaN,64.6,43.0,81.6,(±20.2),36,NaN,NA,NaN,NaN,NA,NA,NaN,NA,NA,NA,NaN,NA,NA,NA,NaN,NA,NaN,NaN,NA,NA,NaN,60.5,39.2,78.4,(±20.7),34,NaN,65.8,51.8,77.4,(±13.1),82,NaN,NA,NaN,NaN,NA,NA,NaN,59.4,41.8,74.9,(±17.2),50,NaN,66.4,53.8,77.0,(±11.8),107,NaN,53.1,43.3,62.7,(±9.8),149,NaN,56.9,45.7,67.4,(±11.0),112,NaN,35.4,19.1,56.0,(±19.3),33,NaN,NA,NaN,NaN,NA,NA,NaN,NA,NA,NA,NaN,NA,NaN,NaN,NA,NA,NaN,NA,NaN,NaN,NA,NA,NaN,62.6,39.0,81.4,(±22.5),33,NaN,49.5,37.6,61.5,(±12.2),90,NaN,NA,NaN,NaN,NA,NA,NaN,53.1,36.5,69.0,(±16.8),52,NaN,53.1,41.1,64.7,(±12.1),97,NaN
District of Columbia,71.3,63.6,78.0,(±7.2),283,NaN,69.5,60.2,77.4,(±8.7),207,NaN,77.1,61.1,87.8,(±13.5),63,NaN,NA,NaN,NaN,NA,NA,NaN,NA,NaN,NaN,NA,NA,NaN,NA,NaN,NaN,NA,NA,NaN,70.0,58.8,79.3,(±10.3),98,NaN,81.4,68.0,90.0,(±11.0),76,NaN,70.6,56.4,81.6,(±12.8),85,NaN,NA,NaN,NaN,NA,NA,NaN,71.3,63.6,78.0,(±7.2),283,NaN,NA,NaN,NaN,NA,NA,NaN,73.5,62.8,82.0,(±9.6),134,NaN,71.1,58.4,81.2,(±11.6),101,NaN,NA,NaN,NaN,NA,NA,NaN,NA,NaN,NaN,NA,NA,NaN,NA,NA,NA,NaN,NA,NA,NA,NaN,76.7,60.4,87.7,(±13.8),44,NaN,82.3,60.5,93.4,(±16.2),36,NaN,63.7,44.8,79.2,(±17.9),44,NaN,NA,NaN,NaN,NA,NA,NaN,73.5,62.8,82.0,(±9.6),134,NaN,NA,NaN,NaN,NA,NA,NaN,69.2,57.7,78.6,(±10.6),149,NaN,67.7,53.7,79.1,(±13.0),106,NaN,74.7,51.0,89.3,(±19.7),34,NaN,NA,NaN,NaN,NA,NA,NaN,NA,NA,NA,NaN,NA,NaN,NaN,NA,NA,NaN,64.0,48.3,77.2,(±14.8),54,NaN,80.6,61.5,91.5,(±14.9),40,NaN,81.6,63.4,91.9,(±14.1),41,NaN,NA,NaN,NaN,NA,NA,NaN,69.2,57.7,78.6,(±10.6),149,NaN,NA,NaN,NaN,NA,NA,NaN
Florida,46.5,39.7,53.5,(±6.9),337,NaN,46.5,38.8,54.4,(±7.8),269,NaN,49.3,33.9,64.8,(±15.9),55,NaN,NA,NaN,NaN,NA,NA,NaN,NA,NaN,NaN,NA,NA,NaN,NA,NaN,NaN,NA,NA,NaN,45.4,27.4,64.7,(±19.6),31,NaN,53.6,41.0,65.7,(±12.6),92,NaN,42.0,33.5,51.0,(±8.9),184,NaN,NA,NaN,NaN,NA,NA,NaN,42.8,33.8,52.2,(±9.3),184,NaN,52.0,41.7,62.1,(±10.3),146,NaN,52.9,42.8,62.7,(±10.1),160,NaN,54.8,43.4,65.7,(±11.3),127,NaN,NA,NaN,NaN,NA,NA,NaN,NA,NaN,NaN,NA,NA,NaN,NA,NA,NA,NaN,NA,NA,NA,NaN,NA,NaN,NaN,NA,NA,NaN,63.9,44.4,79.7,(±18.3),39,NaN,40.7,28.7,53.9,(±12.9),86,NaN,NA,NaN,NaN,NA,NA,NaN,50.2,37.4,62.9,(±13.0),95,NaN,58.0,42.0,72.6,(±15.8),62,NaN,40.5,31.7,49.9,(±9.2),177,NaN,38.6,29.0,49.2,(±10.2),142,NaN,48.2,28.3,68.7,(±21.4),31,NaN,NA,NaN,NaN,NA,NA,NaN,NA,NA,NA,NaN,NA,NaN,NaN,NA,NA,NaN,NA,NaN,NaN,NA,NA,NaN,45.0,29.5,61.6,(±16.6),53,NaN,43.2,31.7,55.6,(±12.2),98,NaN,NA,NaN,NaN,NA,NA,NaN,34.6,23.3,48.1,(±12.6),89,NaN,47.0,34.2,60.1,(±13.2),84,NaN
Georgia,49.6,43.1,56.1,(±6.6),345,NaN,48.0,41.0,55.1,(±7.1),290,NaN,56.0,39.3,71.4,(±16.6),48,NaN,NA,NaN,NaN,NA,NA,NaN,NA,NaN,NaN,NA,NA,NaN,NA,NaN,NaN,NA,NA,NaN,47.7,35.3,60.5,(±12.9),79,NaN,62.1,44.3,77.1,(±17.0),51,NaN,47.0,38.4,55.7,(±8.8),186,NaN,45.7,27.7,64.9,(±19.6),43,NaN,61.4,49.4,72.1,(±11.5),105,NaN,44.1,35.8,52.7,(±8.6),197,NaN,53.7,44.4,62.7,(±9.3),167,NaN,47.9,38.0,58.0,(±10.1),138,NaN,NA,NaN,NaN,NA,NA,NaN,NA,NaN,NaN,NA,NA,NaN,NA,NA,NA,NaN,NA,NA,NA,NaN,NA,NaN,NaN,NA,NA,NaN,NA,NaN,NaN,NA,NA,NaN,49.0,37.3,60.8,(±12.0),94,NaN,NA,NaN,NaN,NA,NA,NaN,65.1,46.4,80.1,(±17.4),44,NaN,49.2,37.4,61.0,(±12.0),97,NaN,45.6,36.7,54.8,(±9.1),178,NaN,48.1,38.3,58.0,(±10.0),152,NaN,NA,NaN,NaN,NA,NA,NaN,NA,NaN,NaN,NA,NA,NaN,NA,NA,NA,NaN,NA,NaN,NaN,NA,NA,NaN,41.0,26.4,57.4,(±16.0),50,NaN,NA,NaN,NaN,NA,NA,NaN,44.5,32.4,57.3,(±12.7),92,NaN,NA,NaN,NaN,NA,NA,NaN,58.4,42.7,72.6,(±15.4),61,NaN,39.1,28.1,51.4,(±11.9),100,NaN
Hawaii,60.7,54.2,66.8,(±6.4),327,NaN,62.9,56.0,69.4,(±6.7),276,NaN,44.7,27.3,63.5,(±18.9),41,NaN,NA,NaN,NaN,NA,NA,NaN,NA,NaN,NaN,NA,NA,NaN,58.6,42.4,73.1,(±15.8),53,NaN,NA,NaN,NaN,NA,NA,NaN,55.8,39.4,71.0,(±16.3),50,NaN,55.3,40.6,69.0,(±14.6),61,NaN,54.6,41.7,67.0,(±12.9),79,NaN,63.9,52.2,74.1,(±11.1),104,NaN,61.3,51.3,70.4,(±9.7),144,NaN,62.5,53.5,70.8,(±8.7),168,NaN,67.6,58.2,75.8,(±8.9),142,NaN,NA,NaN,NaN,NA,NA,NaN,NA,NaN,NaN,NA,NA,NaN,NA,NA,NA,NaN,NA,NA,NA,NaN,NA,NaN,NaN,NA,NA,NaN,NA,NaN,NaN,NA,NA,NaN,47.7,30.0,66.0,(±18.8),34,NaN,67.9,51.6,80.8,(±14.9),42,NaN,69.6,51.7,83.1,(±16.1),47,NaN,56.1,42.6,68.7,(±13.3),79,NaN,58.9,49.6,67.7,(±9.2),159,NaN,58.4,48.3,67.9,(±10.0),134,NaN,NA,NaN,NaN,NA,NA,NaN,NA,NaN,NaN,NA,NA,NaN,NA,NA,NA,NaN,NA,NaN,NaN,NA,NA,NaN,NA,NaN,NaN,NA,NA,NaN,NA,NaN,NaN,NA,NA,NaN,NA,NaN,NaN,NA,NA,NaN,40.6,24.1,59.5,(±18.5),37,NaN,60.0,44.4,73.8,(±15.1),57,NaN,67.4,52.4,79.4,(±13.8),65,NaN
Idaho,43.4,36.9,50.2,(±6.7),291,NaN,41.9,35.0,49.1,(±7.1),256,NaN,49.8,30.6,69.1,(±20.3),31,NaN,NA,NaN,NaN,NA,NA,NaN,NA,NaN,NaN,NA,NA,NaN,NA,NaN,NaN,NA,NA,NaN,NA,NaN,NaN,NA,NA,NaN,48.9,32.2,65.8,(±17.5),43,NaN,38.4,31.3,46.1,(±7.5),217,NaN,38.8,28.8,49.8,(±10.6),117,NaN,50.4,37.5,63.2,(±13.1),79,NaN,42.6,31.8,54.0,(±11.3),95,NaN,47.9,38.1,57.7,(±9.9),136,NaN,44.8,34.9,55.1,(±10.3),123,NaN,NA,NaN,NaN,NA,NA,NaN,NA,NaN,NaN,NA,NA,NaN,NA,NA,NA,NaN,NA,NA,NA,NaN,NA,NaN,NaN,NA,NA,NaN,NA,NaN,NaN,NA,NA,NaN,42.2,31.8,53.3,(±11.0),108,NaN,49.1,34.1,64.2,(±15.5),59,NaN,60.4,39.6,78.0,(±20.2),32,NaN,35.8,22.6,51.6,(±14.9),45,NaN,39.2,30.7,48.4,(±8.9),155,NaN,39.1,29.9,49.1,(±9.7),133,NaN,NA,NaN,NaN,NA,NA,NaN,NA,NaN,NaN,NA,NA,NaN,NA,NA,NA,NaN,NA,NaN,NaN,NA,NA,NaN,NA,NaN,NaN,NA,NA,NaN,NA,NaN,NaN,NA,NA,NaN,34.3,25.2,44.8,(±9.9),109,NaN,26.3,16.1,39.9,(±12.0),58,NaN,42.2,27.1,58.9,(±16.5),47,NaN,48.2,32.7,64.1,(±16.3),50,NaN
Illinois,53.4,48.9,57.9,(±4.5),721,NaN,53.0,47.8,58.1,(±5.2),519,NaN,55.3,45.1,65.1,(±10.1),170,NaN,51.6,32.5,70.2,(±19.8),32,NaN,NA,NaN,NaN,NA,NA,NaN,61.8,43.4,77.4,(±17.7),40,NaN,55.8,43.1,67.7,(±12.6),87,NaN,57.8,49.1,66.1,(±8.6),210,NaN,49.1,42.9,55.3,(±6.3),357,NaN,28.3,17.6,42.2,(±12.5),63,NaN,61.2,53.3,68.5,(±7.7),271,NaN,53.4,47.5,59.2,(±5.9),387,NaN,55.9,49.5,62.2,(±6.4),359,NaN,56.2,48.9,63.2,(±7.2),265,NaN,56.7,42.2,70.2,(±14.4),84,NaN,NA,NaN,NaN,NA,NA,NaN,NA,NA,NA,NaN,NA,NA,NA,NaN,50.8,32.4,68.9,(±19.1),42,NaN,59.4,46.9,70.8,(±12.2),99,NaN,53.6,44.8,62.2,(±8.8),182,NaN,34.9,19.4,54.5,(±18.2),32,NaN,62.8,51.8,72.5,(±10.5),145,NaN,55.6,47.0,63.8,(±8.5),182,NaN,51.0,44.7,57.3,(±6.3),362,NaN,49.6,42.3,57.0,(±7.4),254,NaN,54.2,40.2,67.6,(±14.1),86,NaN,NA,NaN,NaN,NA,NA,NaN,NA,NA,NA,NaN,NA,NaN,NaN,NA,NA,NaN,59.9,42.8,74.9,(±16.6),45,NaN,56.4,44.2,67.9,(±12.1),111,NaN,44.6,35.9,53.5,(±8.9),175,NaN,NA,NaN,NaN,NA,NA,NaN,59.3,47.9,69.7,(±11.1),126,NaN,51.5,43.4,59.6,(±8.2),205,NaN
Indiana,48.9,42.3,55.7,(±6.7),296,NaN,46.8,39.4,54.4,(±7.6),232,NaN,51.9,36.5,66.9,(±15.7),55,NaN,NA,NaN,NaN,NA,NA,NaN,NA,NaN,NaN,NA,NA,NaN,NA,NaN,NaN,NA,NA,NaN,NA,NaN,NaN,NA,NA,NaN,37.8,22.9,55.5,(±16.9),44,NaN,49.8,41.8,57.8,(±8.1),199,NaN,43.5,30.1,57.9,(±14.3),64,NaN,52.8,42.4,62.9,(±10.4),124,NaN,47.4,36.7,58.3,(±11.0),108,NaN,55.7,45.7,65.2,(±9.9),137,NaN,54.5,43.3,65.3,(±11.2),108,NaN,NA,NaN,NaN,NA,NA,NaN,NA,NaN,NaN,NA,NA,NaN,NA,NA,NA,NaN,NA,NA,NA,NaN,NA,NaN,NaN,NA,NA,NaN,NA,NaN,NaN,NA,NA,NaN,54.8,42.6,66.4,(±12.1),89,NaN,NA,NaN,NaN,NA,NA,NaN,58.2,42.0,72.8,(±15.9),54,NaN,53.3,38.0,68.0,(±15.5),55,NaN,42.5,34.0,51.6,(±8.9),159,NaN,39.3,30.2,49.3,(±9.7),124,NaN,50.3,30.4,70.0,(±20.9),30,NaN,NA,NaN,NaN,NA,NA,NaN,NA,NA,NA,NaN,NA,NaN,NaN,NA,NA,NaN,NA,NaN,NaN,NA,NA,NaN,NA,NaN,NaN,NA,NA,NaN,44.8,34.8,55.3,(±10.4),110,NaN,33.0,17.5,53.4,(±18.6),36,NaN,48.1,35.0,61.4,(±13.5),70,NaN,40.9,27.4,55.9,(±14.6),53,NaN
Iowa,55.1,48.2,61.8,(±6.9),280,NaN,55.9,48.5,63.1,(±7.4),240,NaN,53.2,34.8,70.8,(±18.8),35,NaN,NA,NaN,NaN,NA,NA,NaN,NA,NaN,NaN,NA,NA,NaN,NA,NaN,NaN,NA,NA,NaN,NA,NaN,NaN,NA,NA,NaN,NA,NaN,NaN,NA,NA,NaN,57.2,49.5,64.5,(±7.6),224,NaN,48.8,37.9,59.7,(±11.1),107,NaN,54.7,42.5,66.4,(±12.2),89,NaN,63.2,50.5,74.3,(±12.1),84,NaN,61.9,52.2,70.8,(±9.4),132,NaN,63.9,53.6,73.0,(±9.8),117,NaN,NA,NaN,NaN,NA,NA,NaN,NA,NaN,NaN,NA,NA,NaN,NA,NA,NA,NaN,NA,NA,NA,NaN,NA,NaN,NaN,NA,NA,NaN,NA,NaN,NaN,NA,NA,NaN,69.9,59.3,78.7,(±9.8),101,NaN,54.5,38.7,69.5,(±15.9),48,NaN,63.7,45.8,78.5,(±16.9),43,NaN,68.0,50.7,81.5,(±15.8),41,NaN,48.6,39.1,58.2,(±9.7),148,NaN,47.6,37.4,58.1,(±10.5),123,NaN,NA,NaN,NaN,NA,NA,NaN,NA,NaN,NaN,NA,NA,NaN,NA,NA,NA,NaN,NA,NaN,NaN,NA,NA,NaN,NA,NaN,NaN,NA,NA,NaN,NA,NaN,NaN,NA,NA,NaN,46.2,36.1,56.6,(±10.4),123,NaN,44.1,30.1,59.0,(±14.9),59,NaN,45.8,29.8,62.8,(±17.1),46,NaN,57.8,39.4,74.2,(±18.1),43,NaN
Kansas,40.7,34.3,47.5,(±6.6),297,NaN,34.7,28.3,41.7,(±6.7),255,NaN,68.7,48.7,83.6,(±18.0),35,NaN,NA,NaN,NaN,NA,NA,NaN,NA,NaN,NaN,NA,NA,NaN,NA,NaN,NaN,NA,NA,NaN,NA,NaN,NaN,NA,NA,NaN,68.3,52.1,81.1,(±14.8),44,NaN,31.8,25.1,39.3,(±7.1),222,NaN,37.2,27.4,48.2,(±10.6),108,NaN,44.5,33.9,55.6,(±11.0),104,NaN,38.9,27.7,51.4,(±12.1),85,NaN,38.1,29.2,48.0,(±9.5),138,NaN,30.4,22.0,40.5,(±9.3),115,NaN,NA,NaN,NaN,NA,NA,NaN,NA,NaN,NaN,NA,NA,NaN,NA,NA,NA,NaN,NA,NA,NA,NaN,NA,NaN,NaN,NA,NA,NaN,NA,NaN,NaN,NA,NA,NaN,28.9,20.0,39.8,(±10.0),106,NaN,36.2,23.2,51.7,(±14.6),53,NaN,42.7,27.9,59.0,(±16.1),47,NaN,34.3,19.2,53.4,(±17.7),38,NaN,43.2,34.3,52.6,(±9.2),159,NaN,38.5,29.5,48.3,(±9.5),140,NaN,NA,NaN,NaN,NA,NA,NaN,NA,NaN,NaN,NA,NA,NaN,NA,NA,NA,NaN,NA,NaN,NaN,NA,NA,NaN,NA,NaN,NaN,NA,NA,NaN,NA,NaN,NaN,NA,NA,NaN,34.8,25.5,45.5,(±10.1),116,NaN,38.4,24.6,54.3,(±15.3),55,NaN,46.1,31.8,61.0,(±15.0),57,NaN,43.1,27.9,59.7,(±16.5),47,NaN
Kentucky,42.6,35.9,49.5,(±6.8),270,NaN,43.1,35.6,51.0,(±7.7),208,NaN,44.0,29.5,59.5,(±15.4),55,NaN,NA,NaN,NaN,NA,NA,NaN,NA,NaN,NaN,NA,NA,NaN,NA,NaN,NaN,NA,NA,NaN,NA,NaN,NaN,NA,NA,NaN,NA,NaN,NaN,NA,NA,NaN,40.6,33.0,48.8,(±7.9),198,NaN,23.3,15.2,34.1,(±9.5),97,NaN,57.5,46.9,67.4,(±10.4),108,NaN,43.3,30.2,57.4,(±13.9),65,NaN,45.4,35.7,55.4,(±9.9),130,NaN,45.1,34.4,56.3,(±11.1),102,NaN,NA,NaN,NaN,NA,NA,NaN,NA,NaN,NaN,NA,NA,NaN,NA,NA,NA,NaN,NA,NA,NA,NaN,NA,NaN,NaN,NA,NA,NaN,NA,NaN,NaN,NA,NA,NaN,42.9,31.7,54.8,(±11.7),94,NaN,25.8,14.9,40.9,(±13.2),48,NaN,54.3,38.7,69.1,(±15.7),48,NaN,52.0,34.0,69.6,(±18.6),34,NaN,39.9,31.1,49.4,(±9.3),140,NaN,41.2,31.1,52.0,(±10.6),106,NaN,35.6,18.6,57.1,(±20.2),32,NaN,NA,NaN,NaN,NA,NA,NaN,NA,NA,NA,NaN,NA,NaN,NaN,NA,NA,NaN,NA,NaN,NaN,NA,NA,NaN,NA,NaN,NaN,NA,NA,NaN,38.7,28.7,49.8,(±10.7),104,NaN,NA,NaN,NaN,NA,NA,NaN,60.6,46.5,73.2,(±13.7),60,NaN,31.9,17.2,51.3,(±17.6),31,NaN
Louisiana,46.7,39.5,54.1,(±7.3),284,NaN,46.1,37.8,54.6,(±8.5),213,NaN,51.4,35.6,67.0,(±16.3),59,NaN,NA,NaN,NaN,NA,NA,NaN,NA,NaN,NaN,NA,NA,NaN,NA,NaN,NaN,NA,NA,NaN,59.8,45.1,72.9,(±14.3),53,NaN,NA,NaN,NaN,NA,NA,NaN,35.8,27.9,44.6,(±8.4),179,NaN,26.1,14.0,43.3,(±14.9),46,NaN,44.2,32.7,56.4,(±12.0),103,NaN,55.2,44.8,65.2,(±10.3),135,NaN,52.9,42.2,63.3,(±10.7),124,NaN,47.7,35.8,59.9,(±12.3),96,NaN,NA,NaN,NaN,NA,NA,NaN,NA,NaN,NaN,NA,NA,NaN,NA,NA,NA,NaN,NA,NA,NA,NaN,NA,NaN,NaN,NA,NA,NaN,NA,NaN,NaN,NA,NA,NaN,41.2,29.3,54.2,(±12.7),81,NaN,NA,NaN,NaN,NA,NA,NaN,53.5,35.8,70.3,(±18.0),45,NaN,57.3,42.2,71.2,(±14.9),59,NaN,40.8,31.5,50.8,(±9.7),160,NaN,44.3,33.2,56.1,(±11.6),117,NaN,36.3,19.9,56.7,(±19.2),36,NaN,NA,NaN,NaN,NA,NA,NaN,NA,NA,NA,NaN,NA,NaN,NaN,NA,NA,NaN,47.3,29.5,65.8,(±19.0),33,NaN,NA,NaN,NaN,NA,NA,NaN,29.5,20.4,40.6,(±10.2),98,NaN,NA,NaN,NaN,NA,NA,NaN,35.3,22.1,51.2,(±14.9),58,NaN,53.3,39.2,67.0,(±14.3),76,NaN
Maine,50.7,43.9,57.5,(±6.8),317,NaN,48.2,40.8,55.6,(±7.5),260,NaN,58.0,40.3,73.8,(±17.4),48,NaN,NA,NaN,NaN,NA,NA,NaN,NA,NaN,NaN,NA,NA,NaN,NA,NaN,NaN,NA,NA,NaN,NA,NaN,NaN,NA,NA,NaN,NA,NaN,NaN,NA,NA,NaN,50.5,43.1,57.8,(±7.4),271,NaN,48.5,38.3,58.8,(±10.4),138,NaN,63.6,45.9,78.2,(±16.7),51,NaN,48.2,37.9,58.7,(±10.5),128,NaN,52.0,42.2,61.5,(±9.8),160,NaN,50.5,40.1,60.9,(±10.5),133,NaN,NA,NaN,NaN,NA,NA,NaN,NA,NaN,NaN,NA,NA,NaN,NA,NA,NA,NaN,NA,NA,NA,NaN,NA,NaN,NaN,NA,NA,NaN,NA,NaN,NaN,NA,NA,NaN,52.8,42.2,63.1,(±10.6),135,NaN,49.4,35.4,63.5,(±14.4),70,NaN,NA,NaN,NaN,NA,NA,NaN,49.3,34.3,64.4,(±15.5),64,NaN,49.5,40.0,59.0,(±9.6),157,NaN,46.0,35.7,56.6,(±10.6),127,NaN,NA,NaN,NaN,NA,NA,NaN,NA,NaN,NaN,NA,NA,NaN,NA,NA,NA,NaN,NA,NaN,NaN,NA,NA,NaN,NA,NaN,NaN,NA,NA,NaN,NA,NaN,NaN,NA,NA,NaN,48.4,38.3,58.6,(±10.3),136,NaN,47.6,33.3,62.2,(±14.9),68,NaN,NA,NaN,NaN,NA,NA,NaN,47.3,33.6,61.5,(±14.3),64,NaN
Maryland,58.1,51.2,64.7,(±6.8),393,NaN,58.1,50.6,65.3,(±7.4),332,NaN,54.6,35.9,72.1,(±18.9),45,NaN,NA,NaN,NaN,NA,NA,NaN,NA,NaN,NaN,NA,NA,NaN,NA,NaN,NaN,NA,NA,NaN,56.4,42.6,69.2,(±13.6),77,NaN,73.0,56.2,85.1,(±14.7),68,NaN,56.3,46.6,65.6,(±9.6),196,NaN,NA,NaN,NaN,NA,NA,NaN,69.3,57.0,79.4,(±11.4),134,NaN,51.1,42.7,59.4,(±8.4),250,NaN,60.9,51.0,70.0,(±9.6),185,NaN,59.0,48.3,68.9,(±10.4),164,NaN,NA,NaN,NaN,NA,NA,NaN,NA,NaN,NaN,NA,NA,NaN,NA,NA,NA,NaN,NA,NA,NA,NaN,61.6,40.9,78.8,(±19.9),33,NaN,NA,NaN,NaN,NA,NA,NaN,56.3,42.8,68.9,(±13.4),96,NaN,NA,NaN,NaN,NA,NA,NaN,83.6,69.3,92.0,(±11.2),62,NaN,47.9,36.2,59.8,(±12.0),118,NaN,55.4,45.8,64.7,(±9.5),208,NaN,57.1,46.4,67.1,(±10.5),168,NaN,45.0,24.7,67.1,(±22.6),32,NaN,NA,NaN,NaN,NA,NA,NaN,NA,NA,NA,NaN,NA,NaN,NaN,NA,NA,NaN,52.2,34.4,69.4,(±18.3),44,NaN,64.0,41.5,81.7,(±21.2),42,NaN,56.4,42.4,69.4,(±13.8),100,NaN,NA,NaN,NaN,NA,NA,NaN,56.5,39.2,72.3,(±17.2),72,NaN,54.2,42.5,65.4,(±11.7),132,NaN
Massachusetts,68.7,61.6,75.0,(±6.7),328,NaN,68.6,60.6,75.6,(±7.5),276,NaN,71.8,53.8,84.8,(±15.8),38,NaN,NA,NaN,NaN,NA,NA,NaN,NA,NaN,NaN,NA,NA,NaN,NA,NaN,NaN,NA,NA,NaN,NA,NaN,NaN,NA,NA,NaN,69.3,50.3,83.4,(±17.0),49,NaN,68.9,60.4,76.2,(±8.0),225,NaN,NA,NaN,NaN,NA,NA,NaN,70.6,54.1,83.1,(±14.8),59,NaN,68.9,60.9,75.9,(±7.5),265,NaN,66.6,56.1,75.7,(±9.9),143,NaN,62.6,50.7,73.2,(±11.4),121,NaN,NA,NaN,NaN,NA,NA,NaN,NA,NaN,NaN,NA,NA,NaN,NA,NA,NA,NaN,NA,NA,NA,NaN,NA,NaN,NaN,NA,NA,NaN,NA,NaN,NaN,NA,NA,NaN,66.1,53.8,76.6,(±11.6),104,NaN,NA,NaN,NaN,NA,NA,NaN,NA,NaN,NaN,NA,NA,NaN,64.0,52.0,74.4,(±11.4),118,NaN,70.6,60.9,78.8,(±9.0),185,NaN,74.9,64.4,83.1,(±9.4),155,NaN,NA,NaN,NaN,NA,NA,NaN,NA,NaN,NaN,NA,NA,NaN,NA,NA,NA,NaN,NA,NaN,NaN,NA,NA,NaN,NA,NaN,NaN,NA,NA,NaN,56.7,33.0,77.7,(±24.0),30,NaN,72.0,60.0,81.5,(±10.9),121,NaN,NA,NaN,NaN,NA,NA,NaN,59.5,37.5,78.2,(±21.6),37,NaN,73.8,63.0,82.4,(±9.7),147,NaN
Michigan,55.0,48.3,61.6,(±6.7),313,NaN,52.8,45.4,60.1,(±7.4),256,NaN,65.7,48.1,79.8,(±16.4),47,NaN,NA,NaN,NaN,NA,NA,NaN,NA,NaN,NaN,NA,NA,NaN,NA,NaN,NaN,NA,NA,NaN,50.8,31.9,69.4,(±19.7),30,NaN,NA,NaN,NaN,NA,NA,NaN,54.1,46.2,61.7,(±7.8),231,NaN,42.7,26.8,60.2,(±17.3),46,NaN,61.5,48.8,72.8,(±12.2),88,NaN,54.4,45.5,63.0,(±8.8),179,NaN,56.9,46.8,66.4,(±9.9),137,NaN,52.0,41.0,62.9,(±11.1),111,NaN,NA,NaN,NaN,NA,NA,NaN,NA,NaN,NaN,NA,NA,NaN,NA,NA,NA,NaN,NA,NA,NA,NaN,NA,NaN,NaN,NA,NA,NaN,NA,NaN,NaN,NA,NA,NaN,53.7,42.0,65.0,(±11.7),101,NaN,NA,NaN,NaN,NA,NA,NaN,66.7,49.0,80.7,(±16.3),42,NaN,53.9,40.4,66.8,(±13.6),75,NaN,53.3,44.3,62.1,(±9.0),176,NaN,53.6,43.9,63.1,(±9.7),145,NaN,NA,NaN,NaN,NA,NA,NaN,NA,NaN,NaN,NA,NA,NaN,NA,NA,NA,NaN,NA,NaN,NaN,NA,NA,NaN,NA,NaN,NaN,NA,NA,NaN,NA,NaN,NaN,NA,NA,NaN,54.4,43.9,64.5,(±10.4),130,NaN,NA,NaN,NaN,NA,NA,NaN,56.5,38.7,72.8,(±17.8),46,NaN,55.0,43.5,65.9,(±11.4),104,NaN
Minnesota,58.8,51.2,66.0,(±7.5),285,NaN,56.1,48.0,63.9,(±8.0),254,NaN,NA,NaN,NaN,NA,NA,NaN,NA,NaN,NaN,NA,NA,NaN,NA,NaN,NaN,NA,NA,NaN,NA,NaN,NaN,NA,NA,NaN,NA,NaN,NaN,NA,NA,NaN,NA,NaN,NaN,NA,NA,NaN,59.4,50.7,67.5,(±8.5),220,NaN,51.6,33.3,69.4,(±18.9),52,NaN,61.0,50.3,70.8,(±10.4),133,NaN,59.1,45.8,71.2,(±13.0),100,NaN,62.2,51.0,72.2,(±10.8),131,NaN,58.9,46.7,70.0,(±11.9),113,NaN,NA,NaN,NaN,NA,NA,NaN,NA,NaN,NaN,NA,NA,NaN,NA,NA,NA,NaN,NA,NA,NA,NaN,NA,NaN,NaN,NA,NA,NaN,NA,NaN,NaN,NA,NA,NaN,60.3,46.9,72.3,(±13.0),97,NaN,NA,NaN,NaN,NA,NA,NaN,68.0,53.5,79.7,(±13.4),67,NaN,55.5,35.0,74.3,(±20.7),44,NaN,55.6,45.2,65.5,(±10.3),154,NaN,53.6,42.8,64.1,(±10.8),141,NaN,NA,NaN,NaN,NA,NA,NaN,NA,NaN,NaN,NA,NA,NaN,NA,NA,NA,NaN,NA,NaN,NaN,NA,NA,NaN,NA,NaN,NaN,NA,NA,NaN,NA,NaN,NaN,NA,NA,NaN,58.5,47.1,69.0,(±11.1),123,NaN,48.0,25.5,71.3,(±24.7),32,NaN,53.1,37.9,67.7,(±15.4),66,NaN,62.2,45.2,76.6,(±16.2),56,NaN
Mississippi,32.6,26.4,39.5,(±6.6),285,NaN,31.9,24.7,40.0,(±7.7),207,NaN,37.6,25.2,51.8,(±13.6),69,NaN,NA,NaN,NaN,NA,NA,NaN,NA,NaN,NaN,NA,NA,NaN,NA,NaN,NaN,NA,NA,NaN,39.8,28.9,51.8,(±11.7),82,NaN,NA,NaN,NaN,NA,NA,NaN,25.1,18.1,33.7,(±7.8),170,NaN,25.9,18.4,35.3,(±8.5),148,NaN,53.9,37.3,69.7,(±16.8),44,NaN,30.3,20.5,42.4,(±11.1),93,NaN,38.1,28.9,48.3,(±9.8),136,NaN,38.7,28.1,50.6,(±11.4),100,NaN,40.0,21.9,61.3,(±20.8),31,NaN,NA,NaN,NaN,NA,NA,NaN,NA,NA,NA,NaN,NA,NA,NA,NaN,48.7,31.4,66.2,(±18.2),36,NaN,NA,NaN,NaN,NA,NA,NaN,29.4,18.9,42.5,(±11.9),79,NaN,30.8,19.4,45.3,(±13.2),67,NaN,NA,NaN,NaN,NA,NA,NaN,37.1,22.9,54.0,(±16.1),49,NaN,27.3,19.6,36.7,(±8.6),149,NaN,24.9,16.4,35.8,(±9.7),107,NaN,35.8,20.3,55.0,(±18.0),38,NaN,NA,NaN,NaN,NA,NA,NaN,NA,NA,NA,NaN,NA,NaN,NaN,NA,NA,NaN,33.0,20.4,48.6,(±14.5),46,NaN,NA,NaN,NaN,NA,NA,NaN,20.9,12.6,32.7,(±10.1),91,NaN,21.5,12.6,34.2,(±10.8),81,NaN,NA,NaN,NaN,NA,NA,NaN,NA,NaN,NaN,NA,NA,NaN
Missouri,42.1,35.7,48.8,(±6.6),319,NaN,42.3,35.4,49.5,(±7.1),272,NaN,45.6,28.8,63.5,(±18.1),41,NaN,NA,NaN,NaN,NA,NA,NaN,NA,NaN,NaN,NA,NA,NaN,NA,NaN,NaN,NA,NA,NaN,NA,NaN,NaN,NA,NA,NaN,NA,NaN,NaN,NA,NA,NaN,39.6,32.6,47.1,(±7.3),246,NaN,27.4,16.9,41.2,(±12.3),77,NaN,49.7,39.1,60.2,(±10.7),123,NaN,42.9,32.6,53.8,(±10.8),119,NaN,51.1,41.6,60.5,(±9.6),144,NaN,49.1,38.9,59.3,(±10.3),122,NaN,NA,NaN,NaN,NA,NA,NaN,NA,NaN,NaN,NA,NA,NaN,NA,NA,NA,NaN,NA,NA,NA,NaN,NA,NaN,NaN,NA,NA,NaN,NA,NaN,NaN,NA,NA,NaN,47.8,37.0,58.7,(±11.0),109,NaN,37.2,21.3,56.3,(±18.2),41,NaN,50.5,35.5,65.3,(±15.4),54,NaN,63.7,48.0,77.0,(±14.9),49,NaN,33.5,25.4,42.7,(±8.7),175,NaN,35.8,26.9,45.8,(±9.6),150,NaN,NA,NaN,NaN,NA,NA,NaN,NA,NaN,NaN,NA,NA,NaN,NA,NA,NA,NaN,NA,NaN,NaN,NA,NA,NaN,NA,NaN,NaN,NA,NA,NaN,NA,NaN,NaN,NA,NA,NaN,32.2,23.6,42.3,(±9.4),137,NaN,NA,NaN,NaN,NA,NA,NaN,48.9,34.4,63.5,(±15.0),69,NaN,27.5,16.6,42.0,(±12.9),70,NaN
Montana,48.4,41.6,55.2,(±6.8),290,NaN,49.3,41.9,56.7,(±7.4),250,NaN,44.4,27.7,62.4,(±18.1),35,NaN,NA,NaN,NaN,NA,NA,NaN,NA,NaN,NaN,NA,NA,NaN,NA,NaN,NaN,NA,NA,NaN,NA,NaN,NaN,NA,NA,NaN,NA,NaN,NaN,NA,NA,NaN,47.6,40.2,55.1,(±7.5),240,NaN,45.7,37.3,54.4,(±8.6),182,NaN,54.1,42.4,65.2,(±11.6),95,NaN,NA,NaN,NaN,NA,NA,NaN,53.0,43.3,62.5,(±9.7),146,NaN,52.7,42.1,63.0,(±10.6),125,NaN,NA,NaN,NaN,NA,NA,NaN,NA,NaN,NaN,NA,NA,NaN,NA,NA,NA,NaN,NA,NA,NA,NaN,NA,NaN,NaN,NA,NA,NaN,NA,NaN,NaN,NA,NA,NaN,53.5,42.7,63.9,(±10.7),119,NaN,51.2,39.2,63.2,(±12.2),91,NaN,57.7,41.2,72.6,(±16.2),49,NaN,NA,NaN,NaN,NA,NA,NaN,43.9,34.7,53.6,(±9.6),144,NaN,46.2,36.0,56.7,(±10.5),125,NaN,NA,NaN,NaN,NA,NA,NaN,NA,NaN,NaN,NA,NA,NaN,NA,NA,NA,NaN,NA,NaN,NaN,NA,NA,NaN,NA,NaN,NaN,NA,NA,NaN,NA,NaN,NaN,NA,NA,NaN,42.0,32.1,52.6,(±10.4),121,NaN,41.1,29.7,53.5,(±12.1),91,NaN,50.0,34.0,65.9,(±16.5),46,NaN,NA,NaN,NaN,NA,NA,NaN
Nebraska,62.7,55.6,69.3,(±6.9),295,NaN,60.6,52.7,68.0,(±7.7),246,NaN,72.2,52.8,85.8,(±16.9),41,NaN,NA,NaN,NaN,NA,NA,NaN,NA,NaN,NaN,NA,NA,NaN,NA,NaN,NaN,NA,NA,NaN,NA,NaN,NaN,NA,NA,NaN,75.8,59.3,87.1,(±14.1),49,NaN,61.0,52.5,68.9,(±8.3),216,NaN,45.3,33.0,58.3,(±12.9),96,NaN,73.6,64.2,81.2,(±8.5),136,NaN,52.5,37.0,67.5,(±15.8),63,NaN,66.6,56.3,75.5,(±9.7),134,NaN,64.9,53.7,74.7,(±10.6),117,NaN,NA,NaN,NaN,NA,NA,NaN,NA,NaN,NaN,NA,NA,NaN,NA,NA,NA,NaN,NA,NA,NA,NaN,NA,NaN,NaN,NA,NA,NaN,NA,NaN,NaN,NA,NA,NaN,62.6,49.8,73.9,(±12.3),94,NaN,47.5,29.5,66.2,(±19.2),47,NaN,77.5,64.1,86.9,(±11.4),62,NaN,NA,NaN,NaN,NA,NA,NaN,59.0,49.1,68.2,(±9.7),161,NaN,55.9,44.9,66.4,(±11.0),129,NaN,NA,NaN,NaN,NA,NA,NaN,NA,NaN,NaN,NA,NA,NaN,NA,NA,NA,NaN,NA,NaN,NaN,NA,NA,NaN,NA,NaN,NaN,NA,NA,NaN,NA,NaN,NaN,NA,NA,NaN,59.5,48.0,70.0,(±11.2),122,NaN,42.8,27.5,59.6,(±16.6),49,NaN,69.9,56.3,80.8,(±12.4),74,NaN,46.7,28.2,66.2,(±20.0),38,NaN
Nevada,51.1,44.7,57.4,(±6.4),334,NaN,48.2,41.0,55.5,(±7.3),257,NaN,61.5,46.9,74.2,(±14.0),69,NaN,NA,NaN,NaN,NA,NA,NaN,NA,NaN,NaN,NA,NA,NaN,NA,NaN,NaN,NA,NA,NaN,45.2,28.2,63.5,(±18.4),35,NaN,65.4,54.1,75.2,(±10.7),102,NaN,41.5,32.8,50.8,(±9.1),158,NaN,39.4,24.0,57.2,(±17.2),46,NaN,52.5,44.6,60.2,(±7.9),220,NaN,53.0,39.7,66.0,(±13.4),68,NaN,49.4,40.3,58.5,(±9.2),162,NaN,50.8,40.6,61.0,(±10.3),129,NaN,NA,NaN,NaN,NA,NA,NaN,NA,NaN,NaN,NA,NA,NaN,NA,NA,NA,NaN,NA,NA,NA,NaN,NA,NaN,NaN,NA,NA,NaN,56.9,40.7,71.7,(±16.0),51,NaN,45.1,32.5,58.4,(±13.3),77,NaN,NA,NaN,NaN,NA,NA,NaN,46.3,35.6,57.3,(±11.0),116,NaN,53.1,34.4,70.9,(±19.1),32,NaN,52.7,43.9,61.3,(±8.8),172,NaN,45.7,35.7,56.0,(±10.3),128,NaN,71.3,52.8,84.7,(±16.3),41,NaN,NA,NaN,NaN,NA,NA,NaN,NA,NA,NA,NaN,NA,NaN,NaN,NA,NA,NaN,NA,NaN,NaN,NA,NA,NaN,73.6,58.3,84.8,(±13.4),51,NaN,38.0,26.7,50.8,(±12.3),81,NaN,NA,NaN,NaN,NA,NA,NaN,59.2,48.1,69.4,(±10.8),104,NaN,53.0,34.5,70.7,(±18.9),36,NaN
New Hampshire,67.4,60.4,73.8,(±6.7),303,NaN,69.3,61.9,75.7,(±6.9),275,NaN,NA,NaN,NaN,NA,NA,NaN,NA,NaN,NaN,NA,NA,NaN,NA,NaN,NaN,NA,NA,NaN,NA,NaN,NaN,NA,NA,NaN,NA,NaN,NaN,NA,NA,NaN,NA,NaN,NaN,NA,NA,NaN,66.2,58.6,73.0,(±7.2),264,NaN,60.4,48.3,71.4,(±11.7),118,NaN,64.5,46.5,79.2,(±16.9),48,NaN,73.4,63.5,81.3,(±9.0),137,NaN,66.4,56.3,75.1,(±9.5),151,NaN,68.7,58.3,77.5,(±9.7),136,NaN,NA,NaN,NaN,NA,NA,NaN,NA,NaN,NaN,NA,NA,NaN,NA,NA,NA,NaN,NA,NA,NA,NaN,NA,NaN,NaN,NA,NA,NaN,NA,NaN,NaN,NA,NA,NaN,63.9,53.1,73.5,(±10.4),132,NaN,55.7,38.4,71.7,(±17.3),53,NaN,NA,NaN,NaN,NA,NA,NaN,70.6,56.2,81.8,(±13.0),70,NaN,68.5,58.4,77.1,(±9.5),152,NaN,69.8,59.2,78.6,(±9.8),139,NaN,NA,NaN,NaN,NA,NA,NaN,NA,NaN,NaN,NA,NA,NaN,NA,NA,NA,NaN,NA,NaN,NaN,NA,NA,NaN,NA,NaN,NaN,NA,NA,NaN,NA,NaN,NaN,NA,NA,NaN,68.3,57.5,77.4,(±10.0),132,NaN,64.6,48.2,78.3,(±15.5),65,NaN,NA,NaN,NaN,NA,NA,NaN,75.8,61.5,86.0,(±12.3),67,NaN
New Jersey,48.5,41.9,55.2,(±6.7),351,NaN,49.3,41.9,56.6,(±7.4),291,NaN,57.3,39.2,73.6,(±17.9),44,NaN,NA,NaN,NaN,NA,NA,NaN,NA,NaN,NaN,NA,NA,NaN,NA,NaN,NaN,NA,NA,NaN,NA,NaN,NaN,NA,NA,NaN,64.2,50.7,75.8,(±12.8),91,NaN,48.4,39.3,57.7,(±9.3),177,NaN,NA,NaN,NaN,NA,NA,NaN,41.5,23.6,61.9,(±20.2),35,NaN,49.5,42.5,56.5,(±7.0),316,NaN,51.5,42.0,60.8,(±9.5),177,NaN,54.4,44.0,64.4,(±10.4),149,NaN,NA,NaN,NaN,NA,NA,NaN,NA,NaN,NaN,NA,NA,NaN,NA,NA,NA,NaN,NA,NA,NA,NaN,NA,NaN,NaN,NA,NA,NaN,69.8,49.4,84.5,(±18.2),44,NaN,58.8,45.7,70.7,(±12.8),91,NaN,NA,NaN,NaN,NA,NA,NaN,NA,NaN,NaN,NA,NA,NaN,52.9,42.8,62.8,(±10.1),157,NaN,45.7,36.6,55.1,(±9.3),174,NaN,44.3,34.2,54.9,(±10.5),142,NaN,NA,NaN,NaN,NA,NA,NaN,NA,NaN,NaN,NA,NA,NaN,NA,NA,NA,NaN,NA,NaN,NaN,NA,NA,NaN,NA,NaN,NaN,NA,NA,NaN,59.4,41.1,75.5,(±17.9),47,NaN,39.2,27.4,52.4,(±12.8),86,NaN,NA,NaN,NaN,NA,NA,NaN,NA,NaN,NaN,NA,NA,NaN,46.3,36.8,56.0,(±9.8),159,NaN
New Mexico,57.0,50.1,63.5,(±6.7),295,NaN,59.7,51.3,67.5,(±8.1),198,NaN,52.1,39.7,64.3,(±12.5),86,NaN,NA,NaN,NaN,NA,NA,NaN,NA,NaN,NaN,NA,NA,NaN,NA,NaN,NaN,NA,NA,NaN,NA,NaN,NaN,NA,NA,NaN,58.9,49.8,67.5,(±8.9),168,NaN,47.6,35.7,59.8,(±12.3),93,NaN,34.0,23.9,45.8,(±11.1),93,NaN,65.1,55.6,73.6,(±9.1),146,NaN,61.8,47.0,74.7,(±14.2),56,NaN,58.4,48.2,67.9,(±10.0),139,NaN,59.7,47.5,70.8,(±11.9),97,NaN,57.2,36.9,75.4,(±20.3),34,NaN,NA,NaN,NaN,NA,NA,NaN,NA,NA,NA,NaN,NA,NA,NA,NaN,NA,NaN,NaN,NA,NA,NaN,62.3,48.2,74.5,(±13.4),78,NaN,43.0,27.6,60.0,(±16.8),45,NaN,32.2,17.6,51.2,(±17.3),42,NaN,64.9,50.6,77.0,(±13.5),73,NaN,NA,NaN,NaN,NA,NA,NaN,55.6,46.4,64.4,(±9.1),156,NaN,59.6,48.5,69.9,(±10.8),101,NaN,49.4,34.1,64.7,(±15.8),52,NaN,NA,NaN,NaN,NA,NA,NaN,NA,NA,NA,NaN,NA,NaN,NaN,NA,NA,NaN,NA,NaN,NaN,NA,NA,NaN,55.9,44.0,67.2,(±11.8),90,NaN,52.6,35.7,68.9,(±17.2),48,NaN,35.6,22.8,50.9,(±14.4),51,NaN,65.4,52.6,76.3,(±12.1),73,NaN,55.9,36.9,73.4,(±19.1),32,NaN
New York,57.3,51.8,62.6,(±5.4),535,NaN,58.2,51.8,64.4,(±6.3),384,NaN,59.8,48.4,70.2,(±11.1),121,NaN,40.2,21.0,63.1,(±22.4),30,NaN,NA,NaN,NaN,NA,NA,NaN,65.5,45.7,81.0,(±18.4),44,NaN,55.8,39.5,70.9,(±16.3),49,NaN,61.4,51.1,70.7,(±9.9),154,NaN,54.8,47.1,62.2,(±7.6),260,NaN,34.1,17.9,55.2,(±19.5),30,NaN,61.9,55.0,68.4,(±6.7),328,NaN,54.3,45.1,63.3,(±9.2),177,NaN,56.4,48.2,64.3,(±8.1),236,NaN,57.1,47.5,66.3,(±9.5),167,NaN,59.0,41.7,74.3,(±16.9),55,NaN,NA,NaN,NaN,NA,NA,NaN,NA,NA,NA,NaN,NA,NA,NA,NaN,NA,NaN,NaN,NA,NA,NaN,57.3,42.4,71.0,(±14.7),73,NaN,55.9,44.2,67.1,(±11.7),111,NaN,NA,NaN,NaN,NA,NA,NaN,62.8,52.5,72.1,(±9.9),153,NaN,54.8,40.4,68.5,(±14.4),69,NaN,58.1,50.9,65.0,(±7.1),299,NaN,59.2,50.6,67.3,(±8.4),217,NaN,60.7,45.8,73.8,(±14.3),66,NaN,NA,NaN,NaN,NA,NA,NaN,NA,NA,NA,NaN,NA,NaN,NaN,NA,NA,NaN,NA,NaN,NaN,NA,NA,NaN,66.2,52.9,77.3,(±12.4),81,NaN,53.7,43.7,63.5,(±10.0),149,NaN,NA,NaN,NaN,NA,NA,NaN,61.0,51.7,69.7,(±9.1),175,NaN,54.0,42.1,65.4,(±11.8),108,NaN
North Carolina,52.1,45.4,58.7,(±6.7),341,NaN,51.8,44.4,59.1,(±7.4),280,NaN,51.8,35.0,68.3,(±17.3),46,NaN,NA,NaN,NaN,NA,NA,NaN,NA,NaN,NaN,NA,NA,NaN,NA,NaN,NaN,NA,NA,NaN,44.2,28.2,61.4,(±17.2),38,NaN,53.5,37.0,69.2,(±16.7),53,NaN,54.3,46.2,62.1,(±8.0),214,NaN,52.9,34.7,70.4,(±18.6),44,NaN,52.3,42.5,61.8,(±9.8),152,NaN,51.5,41.2,61.7,(±10.4),145,NaN,53.7,44.2,62.9,(±9.4),161,NaN,51.9,41.6,62.0,(±10.4),130,NaN,NA,NaN,NaN,NA,NA,NaN,NA,NaN,NaN,NA,NA,NaN,NA,NA,NA,NaN,NA,NA,NA,NaN,NA,NaN,NaN,NA,NA,NaN,67.2,46.2,83.0,(±19.2),31,NaN,54.6,43.4,65.4,(±11.2),100,NaN,NA,NaN,NaN,NA,NA,NaN,50.3,37.0,63.6,(±13.6),77,NaN,58.1,44.3,70.7,(±13.6),68,NaN,50.5,41.1,59.9,(±9.5),180,NaN,51.7,41.3,62.1,(±10.6),150,NaN,NA,NaN,NaN,NA,NA,NaN,NA,NaN,NaN,NA,NA,NaN,NA,NA,NA,NaN,NA,NaN,NaN,NA,NA,NaN,NA,NaN,NaN,NA,NA,NaN,NA,NaN,NaN,NA,NA,NaN,53.9,42.5,65.0,(±11.5),114,NaN,NA,NaN,NaN,NA,NA,NaN,54.4,40.5,67.7,(±13.9),75,NaN,45.2,30.9,60.3,(±15.1),77,NaN
North Dakota,63.6,56.5,70.2,(±6.8),287,NaN,62.4,54.8,69.5,(±7.4),257,NaN,NA,NaN,NaN,NA,NA,NaN,NA,NaN,NaN,NA,NA,NaN,NA,NaN,NaN,NA,NA,NaN,NA,NaN,NaN,NA,NA,NaN,NA,NaN,NaN,NA,NA,NaN,NA,NaN,NaN,NA,NA,NaN,62.7,54.9,69.9,(±7.6),235,NaN,65.6,56.0,74.0,(±9.1),155,NaN,67.9,56.1,77.8,(±11.0),98,NaN,45.8,27.6,65.2,(±19.7),34,NaN,72.2,62.1,80.4,(±9.2),132,NaN,70.4,59.4,79.5,(±10.2),112,NaN,NA,NaN,NaN,NA,NA,NaN,NA,NaN,NaN,NA,NA,NaN,NA,NA,NA,NaN,NA,NA,NA,NaN,NA,NaN,NaN,NA,NA,NaN,NA,NaN,NaN,NA,NA,NaN,72.6,61.4,81.6,(±10.2),104,NaN,78.1,66.7,86.3,(±9.8),73,NaN,73.2,55.6,85.6,(±15.3),46,NaN,NA,NaN,NaN,NA,NA,NaN,55.5,45.7,64.8,(±9.7),155,NaN,55.7,45.5,65.5,(±10.1),145,NaN,NA,NaN,NaN,NA,NA,NaN,NA,NaN,NaN,NA,NA,NaN,NA,NA,NA,NaN,NA,NaN,NaN,NA,NA,NaN,NA,NaN,NaN,NA,NA,NaN,NA,NaN,NaN,NA,NA,NaN,54.4,43.8,64.6,(±10.5),131,NaN,54.6,41.0,67.5,(±13.6),82,NaN,61.4,45.1,75.5,(±15.6),52,NaN,NA,NaN,NaN,NA,NA,NaN
Ohio,58.2,51.6,64.4,(±6.4),329,NaN,55.0,47.8,62.1,(±7.2),268,NaN,61.3,45.0,75.4,(±15.7),51,NaN,NA,NaN,NaN,NA,NA,NaN,NA,NaN,NaN,NA,NA,NaN,NA,NaN,NaN,NA,NA,NaN,80.7,63.3,91.1,(±13.8),31,NaN,NA,NaN,NaN,NA,NA,NaN,53.3,45.6,60.8,(±7.7),242,NaN,50.8,33.1,68.2,(±18.3),42,NaN,65.0,54.9,74.0,(±9.6),127,NaN,53.6,44.0,62.9,(±9.6),160,NaN,59.1,49.9,67.7,(±9.0),168,NaN,58.7,48.5,68.1,(±9.9),141,NaN,NA,NaN,NaN,NA,NA,NaN,NA,NaN,NaN,NA,NA,NaN,NA,NA,NA,NaN,NA,NA,NA,NaN,NA,NaN,NaN,NA,NA,NaN,NA,NaN,NaN,NA,NA,NaN,51.8,41.2,62.2,(±10.6),129,NaN,NA,NaN,NaN,NA,NA,NaN,67.5,53.2,79.1,(±13.2),63,NaN,56.4,42.2,69.6,(±14.1),76,NaN,57.3,48.0,66.1,(±9.2),161,NaN,51.0,40.6,61.3,(±10.5),127,NaN,NA,NaN,NaN,NA,NA,NaN,NA,NaN,NaN,NA,NA,NaN,NA,NA,NA,NaN,NA,NaN,NaN,NA,NA,NaN,NA,NaN,NaN,NA,NA,NaN,NA,NaN,NaN,NA,NA,NaN,54.9,43.8,65.5,(±11.1),113,NaN,NA,NaN,NaN,NA,NA,NaN,63.2,48.9,75.5,(±13.6),64,NaN,51.1,38.2,63.9,(±13.2),84,NaN
Oklahoma,37.9,32.2,43.9,(±5.9),360,NaN,36.4,30.0,43.4,(±6.7),277,NaN,47.3,34.4,60.5,(±13.4),70,NaN,NA,NaN,NaN,NA,NA,NaN,44.8,27.9,63.0,(±18.3),38,NaN,NA,NaN,NaN,NA,NA,NaN,NA,NaN,NaN,NA,NA,NaN,45.4,31.2,60.3,(±15.0),58,NaN,31.5,24.7,39.2,(±7.3),199,NaN,41.6,32.3,51.5,(±9.7),140,NaN,38.9,28.2,50.7,(±11.5),93,NaN,34.0,25.4,43.8,(±9.3),127,NaN,43.9,35.2,53.1,(±9.1),157,NaN,41.9,32.1,52.3,(±10.2),125,NaN,NA,NaN,NaN,NA,NA,NaN,NA,NaN,NaN,NA,NA,NaN,NA,NA,NA,NaN,NA,NA,NA,NaN,NA,NaN,NaN,NA,NA,NaN,NA,NaN,NaN,NA,NA,NaN,34.4,23.7,47.0,(±11.8),78,NaN,57.5,41.0,72.5,(±16.3),53,NaN,41.9,26.4,59.1,(±17.0),43,NaN,36.0,24.0,50.1,(±13.4),61,NaN,32.1,25.2,39.9,(±7.4),203,NaN,30.9,23.1,40.1,(±8.5),152,NaN,36.7,22.5,53.6,(±16.0),43,NaN,NA,NaN,NaN,NA,NA,NaN,NA,NA,NA,NaN,NA,NaN,NaN,NA,NA,NaN,NA,NaN,NaN,NA,NA,NaN,45.5,26.6,65.7,(±20.7),31,NaN,29.3,21.0,39.1,(±9.1),121,NaN,29.5,20.3,40.7,(±10.4),87,NaN,35.5,22.2,51.5,(±15.1),50,NaN,31.9,20.5,45.9,(±12.9),66,NaN
Oregon,58.2,51.2,64.9,(±6.9),297,NaN,61.0,53.4,68.1,(±7.4),244,NaN,45.1,28.7,62.6,(±17.6),41,NaN,NA,NaN,NaN,NA,NA,NaN,NA,NaN,NaN,NA,NA,NaN,NA,NaN,NaN,NA,NA,NaN,NA,NaN,NaN,NA,NA,NaN,63.2,46.2,77.5,(±16.1),43,NaN,58.4,50.1,66.4,(±8.2),203,NaN,59.8,42.6,75.0,(±16.8),44,NaN,67.3,57.7,75.6,(±9.0),154,NaN,46.2,34.9,57.9,(±11.7),99,NaN,59.0,49.3,68.0,(±9.5),151,NaN,62.9,52.2,72.4,(±10.2),122,NaN,NA,NaN,NaN,NA,NA,NaN,NA,NaN,NaN,NA,NA,NaN,NA,NA,NA,NaN,NA,NA,NA,NaN,NA,NaN,NaN,NA,NA,NaN,NA,NaN,NaN,NA,NA,NaN,59.2,47.4,70.0,(±11.5),104,NaN,NA,NaN,NaN,NA,NA,NaN,68.9,56.0,79.4,(±11.9),78,NaN,40.3,25.1,57.6,(±16.9),48,NaN,57.5,47.5,67.0,(±9.9),146,NaN,59.3,48.4,69.3,(±10.6),122,NaN,NA,NaN,NaN,NA,NA,NaN,NA,NaN,NaN,NA,NA,NaN,NA,NA,NA,NaN,NA,NaN,NaN,NA,NA,NaN,NA,NaN,NaN,NA,NA,NaN,NA,NaN,NaN,NA,NA,NaN,57.8,45.8,68.9,(±11.7),99,NaN,NA,NaN,NaN,NA,NA,NaN,65.8,51.5,77.7,(±13.4),76,NaN,51.3,35.4,66.9,(±16.3),51,NaN
Pennsylvania,54.1,47.4,60.7,(±6.7),649,NaN,52.2,44.7,59.6,(±7.5),501,NaN,66.5,50.0,79.7,(±15.2),119,NaN,NA,NaN,NaN,NA,NA,NaN,NA,NaN,NaN,NA,NA,NaN,48.2,24.3,72.9,(±26.6),33,NaN,71.7,56.4,83.3,(±13.7),114,NaN,55.3,37.1,72.2,(±18.4),104,NaN,52.5,43.8,61.0,(±8.6),361,NaN,NA,NaN,NaN,NA,NA,NaN,71.2,60.4,80.0,(±9.9),274,NaN,48.0,39.9,56.2,(±8.2),367,NaN,62.3,53.2,70.6,(±8.8),314,NaN,58.6,48.3,68.2,(±10.1),245,NaN,82.8,69.3,91.1,(±10.8),58,NaN,NA,NaN,NaN,NA,NA,NaN,NA,NA,NA,NaN,NA,NA,NA,NaN,79.6,63.9,89.6,(±12.9),55,NaN,68.7,47.1,84.4,(±19.4),51,NaN,59.8,48.1,70.5,(±11.4),174,NaN,NA,NaN,NaN,NA,NA,NaN,74.8,61.8,84.5,(±11.4),129,NaN,60.6,49.5,70.7,(±10.8),179,NaN,46.3,37.0,55.9,(±9.5),335,NaN,45.3,35.0,56.0,(±10.6),256,NaN,55.5,33.5,75.4,(±22.3),61,NaN,NA,NaN,NaN,NA,NA,NaN,NA,NA,NA,NaN,NA,NaN,NaN,NA,NA,NaN,63.0,39.5,81.6,(±22.3),59,NaN,45.5,22.9,70.2,(±25.7),53,NaN,44.8,32.9,57.4,(±12.5),187,NaN,NA,NaN,NaN,NA,NA,NaN,68.8,52.9,81.2,(±14.5),145,NaN,35.4,25.3,46.9,(±10.9),188,NaN
Rhode Island,78.1,72.3,82.9,(±5.3),337,NaN,80.0,73.5,85.2,(±5.8),256,NaN,72.4,57.2,83.7,(±13.5),62,NaN,NA,NaN,NaN,NA,NA,NaN,NA,NaN,NaN,NA,NA,NaN,NA,NaN,NaN,NA,NA,NaN,NA,NaN,NaN,NA,NA,NaN,83.6,74.3,90.0,(±7.8),94,NaN,77.1,69.2,83.5,(±7.2),196,NaN,NA,NaN,NaN,NA,NA,NaN,82.5,73.5,88.8,(±7.6),108,NaN,76.2,68.8,82.3,(±6.8),229,NaN,76.1,67.6,83.0,(±7.7),156,NaN,74.6,64.7,82.4,(±8.9),127,NaN,NA,NaN,NaN,NA,NA,NaN,NA,NaN,NaN,NA,NA,NaN,NA,NA,NA,NaN,NA,NA,NA,NaN,NA,NaN,NaN,NA,NA,NaN,91.5,79.4,96.8,(±8.0),41,NaN,72.4,60.9,81.4,(±10.3),95,NaN,NA,NaN,NaN,NA,NA,NaN,87.0,74.3,93.9,(±9.5),48,NaN,72.0,61.2,80.8,(±9.8),108,NaN,80.0,71.7,86.3,(±7.3),181,NaN,86.0,76.9,91.9,(±7.4),129,NaN,66.9,46.7,82.3,(±18.5),39,NaN,NA,NaN,NaN,NA,NA,NaN,NA,NA,NA,NaN,NA,NaN,NaN,NA,NA,NaN,NA,NaN,NaN,NA,NA,NaN,76.5,62.0,86.7,(±12.4),53,NaN,82.0,69.7,90.0,(±10.0),101,NaN,NA,NaN,NaN,NA,NA,NaN,78.9,65.5,88.1,(±11.3),60,NaN,80.5,69.4,88.3,(±9.4),121,NaN
South Carolina,41.2,34.7,47.9,(±6.7),318,NaN,37.4,30.4,44.9,(±7.3),253,NaN,51.3,36.6,65.8,(±15.0),57,NaN,NA,NaN,NaN,NA,NA,NaN,NA,NaN,NaN,NA,NA,NaN,NA,NaN,NaN,NA,NA,NaN,43.4,29.9,57.9,(±14.4),55,NaN,51.4,32.6,69.9,(±19.6),38,NaN,37.9,30.3,46.2,(±8.0),209,NaN,NA,NaN,NaN,NA,NA,NaN,47.0,36.2,58.0,(±11.1),109,NaN,40.8,31.9,50.4,(±9.3),169,NaN,44.8,35.6,54.3,(±9.5),159,NaN,36.8,27.0,48.0,(±10.6),115,NaN,57.8,39.5,74.1,(±18.0),37,NaN,NA,NaN,NaN,NA,NA,NaN,NA,NA,NA,NaN,NA,NA,NA,NaN,NA,NaN,NaN,NA,NA,NaN,NA,NaN,NaN,NA,NA,NaN,40.0,28.8,52.3,(±11.9),101,NaN,NA,NaN,NaN,NA,NA,NaN,46.6,32.7,61.1,(±14.6),60,NaN,47.6,34.2,61.3,(±13.9),81,NaN,37.7,28.9,47.3,(±9.3),159,NaN,37.8,28.5,48.1,(±9.9),138,NaN,NA,NaN,NaN,NA,NA,NaN,NA,NaN,NaN,NA,NA,NaN,NA,NA,NA,NaN,NA,NaN,NaN,NA,NA,NaN,NA,NaN,NaN,NA,NA,NaN,NA,NaN,NaN,NA,NA,NaN,36.0,26.1,47.3,(±10.7),108,NaN,NA,NaN,NaN,NA,NA,NaN,47.4,31.3,64.0,(±17.0),49,NaN,35.1,24.1,48.1,(±12.2),88,NaN
South Dakota,49.5,43.3,55.6,(±6.2),340,NaN,50.0,43.3,56.7,(±6.7),290,NaN,50.6,34.4,66.6,(±16.6),44,NaN,NA,NaN,NaN,NA,NA,NaN,56.9,37.0,74.7,(±19.8),32,NaN,NA,NaN,NaN,NA,NA,NaN,NA,NaN,NaN,NA,NA,NaN,NA,NaN,NaN,NA,NA,NaN,47.3,40.4,54.4,(±7.1),257,NaN,43.4,35.2,51.9,(±8.4),179,NaN,56.6,45.9,66.7,(±10.6),112,NaN,51.2,35.8,66.4,(±15.8),49,NaN,46.3,37.8,55.0,(±8.7),169,NaN,45.6,36.6,54.9,(±9.3),150,NaN,NA,NaN,NaN,NA,NA,NaN,NA,NaN,NaN,NA,NA,NaN,NA,NA,NA,NaN,NA,NA,NA,NaN,NA,NaN,NaN,NA,NA,NaN,NA,NaN,NaN,NA,NA,NaN,45.7,36.5,55.3,(±9.5),138,NaN,42.0,30.9,54.0,(±11.8),89,NaN,55.3,40.6,69.2,(±14.7),53,NaN,NA,NaN,NaN,NA,NA,NaN,52.5,43.8,61.0,(±8.7),171,NaN,54.6,45.0,63.8,(±9.6),140,NaN,48.4,29.3,67.9,(±20.3),30,NaN,NA,NaN,NaN,NA,NA,NaN,NA,NA,NA,NaN,NA,NaN,NaN,NA,NA,NaN,NA,NaN,NaN,NA,NA,NaN,NA,NaN,NaN,NA,NA,NaN,49.1,38.9,59.4,(±10.4),119,NaN,44.6,33.1,56.6,(±12.0),90,NaN,57.7,42.4,71.6,(±15.0),59,NaN,NA,NaN,NaN,NA,NA,NaN
Tennessee,44.4,37.4,51.6,(±7.1),284,NaN,41.4,33.6,49.6,(±8.1),216,NaN,52.5,36.4,68.0,(±16.3),57,NaN,NA,NaN,NaN,NA,NA,NaN,NA,NaN,NaN,NA,NA,NaN,NA,NaN,NaN,NA,NA,NaN,48.1,29.2,67.6,(±20.2),31,NaN,50.5,31.2,69.6,(±20.3),39,NaN,43.6,35.6,52.0,(±8.3),202,NaN,30.5,17.5,47.6,(±15.4),47,NaN,48.4,37.8,59.1,(±10.8),124,NaN,44.6,33.7,56.1,(±11.4),113,NaN,47.5,37.4,57.8,(±10.3),137,NaN,42.3,31.4,54.0,(±11.5),105,NaN,NA,NaN,NaN,NA,NA,NaN,NA,NaN,NaN,NA,NA,NaN,NA,NA,NA,NaN,NA,NA,NA,NaN,NA,NaN,NaN,NA,NA,NaN,NA,NaN,NaN,NA,NA,NaN,42.6,31.1,55.0,(±12.2),97,NaN,NA,NaN,NaN,NA,NA,NaN,48.8,34.2,63.6,(±15.2),61,NaN,50.7,34.7,66.6,(±16.6),53,NaN,41.5,32.2,51.4,(±9.7),147,NaN,40.5,29.8,52.1,(±11.3),111,NaN,44.1,25.2,65.0,(±21.1),30,NaN,NA,NaN,NaN,NA,NA,NaN,NA,NA,NA,NaN,NA,NaN,NaN,NA,NA,NaN,NA,NaN,NaN,NA,NA,NaN,NA,NaN,NaN,NA,NA,NaN,44.6,33.9,55.9,(±11.2),105,NaN,NA,NaN,NaN,NA,NA,NaN,48.0,33.3,63.0,(±15.3),63,NaN,39.3,25.5,55.0,(±15.1),60,NaN
Texas,43.5,40.1,47.0,(±3.5),2079,NaN,38.7,34.5,43.0,(±4.3),1261,NaN,57.5,51.2,63.6,(±6.2),703,NaN,42.1,29.5,55.8,(±13.5),115,NaN,NA,NaN,NaN,NA,NA,NaN,37.6,19.3,60.4,(±21.8),44,NaN,41.2,29.1,54.6,(±13.0),120,NaN,52.1,47.6,56.4,(±4.4),1266,NaN,35.0,29.3,41.1,(±5.9),584,NaN,43.5,31.1,56.8,(±13.1),122,NaN,51.1,46.6,55.6,(±4.5),1222,NaN,37.1,31.9,42.6,(±5.3),735,NaN,47.8,42.7,52.8,(±5.1),969,NaN,42.2,36.1,48.5,(±6.3),584,NaN,61.7,52.5,70.2,(±8.9),328,NaN,47.9,29.0,67.4,(±20.2),57,NaN,NA,NA,NA,NaN,NA,NA,NA,NaN,51.8,33.6,69.5,(±18.8),56,NaN,56.2,49.8,62.4,(±6.4),598,NaN,36.9,28.5,46.3,(±9.0),258,NaN,53.1,34.3,71.1,(±19.3),50,NaN,55.3,48.7,61.7,(±6.5),569,NaN,41.4,33.9,49.2,(±7.7),350,NaN,39.4,34.8,44.1,(±4.7),1110,NaN,35.6,30.0,41.5,(±5.8),677,NaN,52.7,44.4,60.8,(±8.3),375,NaN,35.9,21.3,53.6,(±16.7),58,NaN,NA,NA,NA,NaN,NA,NaN,NaN,NA,NA,NaN,30.9,17.2,49.1,(±16.4),64,NaN,47.7,41.8,53.8,(±6.0),668,NaN,33.3,26.0,41.4,(±7.8),326,NaN,37.2,22.0,55.6,(±17.4),72,NaN,47.3,41.2,53.4,(±6.1),653,NaN,32.7,25.9,40.2,(±7.2),385,NaN
Utah,43.2,36.4,50.2,(±6.9),310,NaN,41.8,34.6,49.3,(±7.4),275,NaN,49.6,29.4,70.0,(±21.5),30,NaN,NA,NaN,NaN,NA,NA,NaN,NA,NaN,NaN,NA,NA,NaN,NA,NaN,NaN,NA,NA,NaN,NA,NaN,NaN,NA,NA,NaN,57.9,40.1,73.8,(±17.5),42,NaN,37.3,30.1,45.0,(±7.5),246,NaN,NA,NaN,NaN,NA,NA,NaN,56.2,43.5,68.2,(±12.6),88,NaN,39.5,31.3,48.3,(±8.6),187,NaN,48.6,38.7,58.7,(±10.1),150,NaN,43.8,33.4,54.7,(±10.8),132,NaN,NA,NaN,NaN,NA,NA,NaN,NA,NaN,NaN,NA,NA,NaN,NA,NA,NA,NaN,NA,NA,NA,NaN,NA,NaN,NaN,NA,NA,NaN,NA,NaN,NaN,NA,NA,NaN,37.5,27.5,48.7,(±10.8),113,NaN,NA,NaN,NaN,NA,NA,NaN,57.6,39.3,73.9,(±18.0),42,NaN,46.3,33.8,59.3,(±13.0),91,NaN,38.1,29.2,47.9,(±9.5),160,NaN,40.1,30.5,50.5,(±10.1),143,NaN,NA,NaN,NaN,NA,NA,NaN,NA,NaN,NaN,NA,NA,NaN,NA,NA,NA,NaN,NA,NaN,NaN,NA,NA,NaN,NA,NaN,NaN,NA,NA,NaN,NA,NaN,NaN,NA,NA,NaN,37.1,27.4,48.0,(±10.4),133,NaN,NA,NaN,NaN,NA,NA,NaN,54.9,37.3,71.3,(±17.7),46,NaN,33.8,23.6,45.8,(±11.3),96,NaN
Vermont,62.0,55.8,67.9,(±6.1),324,NaN,64.5,58.0,70.5,(±6.3),291,NaN,NA,NaN,NaN,NA,NA,NaN,NA,NaN,NaN,NA,NA,NaN,NA,NaN,NaN,NA,NA,NaN,NA,NaN,NaN,NA,NA,NaN,NA,NaN,NaN,NA,NA,NaN,NA,NaN,NaN,NA,NA,NaN,60.6,54.0,66.9,(±6.5),290,NaN,63.9,55.5,71.4,(±8.0),184,NaN,56.6,39.3,72.4,(±17.2),42,NaN,61.2,49.9,71.4,(±10.9),98,NaN,59.6,50.3,68.2,(±9.1),146,NaN,62.7,52.8,71.6,(±9.5),130,NaN,NA,NaN,NaN,NA,NA,NaN,NA,NaN,NaN,NA,NA,NaN,NA,NA,NA,NaN,NA,NA,NA,NaN,NA,NaN,NaN,NA,NA,NaN,NA,NaN,NaN,NA,NA,NaN,58.2,48.4,67.4,(±9.6),132,NaN,61.1,48.1,72.6,(±12.5),74,NaN,NA,NaN,NaN,NA,NA,NaN,60.5,43.8,75.1,(±16.2),47,NaN,64.3,55.8,71.9,(±8.1),178,NaN,66.2,57.4,73.9,(±8.3),161,NaN,NA,NaN,NaN,NA,NA,NaN,NA,NaN,NaN,NA,NA,NaN,NA,NA,NA,NaN,NA,NaN,NaN,NA,NA,NaN,NA,NaN,NaN,NA,NA,NaN,NA,NaN,NaN,NA,NA,NaN,63.0,54.0,71.2,(±8.7),158,NaN,66.2,55.3,75.7,(±10.3),110,NaN,NA,NaN,NaN,NA,NA,NaN,61.9,46.5,75.2,(±14.8),51,NaN
Virginia,54.9,45.4,64.0,(±9.4),327,NaN,54.4,44.4,64.0,(±9.9),307,NaN,NA,NaN,NaN,NA,NA,NaN,NA,NaN,NaN,NA,NA,NaN,NA,NaN,NaN,NA,NA,NaN,NA,NaN,NaN,NA,NA,NaN,55.5,32.4,76.5,(±23.7),31,NaN,NA,NaN,NaN,NA,NA,NaN,49.1,37.2,61.2,(±12.2),213,NaN,NA,NaN,NaN,NA,NA,NaN,62.5,44.5,77.6,(±17.1),102,NaN,50.7,39.1,62.2,(±11.7),211,NaN,59.1,45.6,71.4,(±13.1),167,NaN,60.4,46.2,73.0,(±13.7),157,NaN,NA,NaN,NaN,NA,NA,NaN,NA,NaN,NaN,NA,NA,NaN,NA,NA,NA,NaN,NA,NA,NA,NaN,NA,NaN,NaN,NA,NA,NaN,NA,NaN,NaN,NA,NA,NaN,61.7,44.7,76.3,(±16.3),105,NaN,NA,NaN,NaN,NA,NA,NaN,65.9,41.5,84.0,(±22.5),59,NaN,56.9,40.0,72.3,(±16.7),100,NaN,50.8,37.7,63.8,(±13.3),160,NaN,48.7,35.0,62.7,(±14.2),150,NaN,NA,NaN,NaN,NA,NA,NaN,NA,NaN,NaN,NA,NA,NaN,NA,NA,NA,NaN,NA,NaN,NaN,NA,NA,NaN,NA,NaN,NaN,NA,NA,NaN,NA,NaN,NaN,NA,NA,NaN,38.6,23.7,56.1,(±16.8),108,NaN,NA,NaN,NaN,NA,NA,NaN,59.7,34.5,80.7,(±24.9),43,NaN,44.4,29.3,60.5,(±16.2),111,NaN
Washington,51.6,44.2,58.9,(±7.4),286,NaN,49.3,41.2,57.4,(±8.2),232,NaN,52.3,33.5,70.5,(±19.4),40,NaN,NA,NaN,NaN,NA,NA,NaN,NA,NaN,NaN,NA,NA,NaN,NA,NaN,NaN,NA,NA,NaN,NA,NaN,NaN,NA,NA,NaN,67.9,52.2,80.5,(±14.5),64,NaN,40.8,31.9,50.4,(±9.4),169,NaN,41.2,24.0,60.8,(±19.3),36,NaN,57.2,47.0,66.8,(±10.0),153,NaN,45.6,33.2,58.5,(±12.9),97,NaN,56.3,46.2,65.9,(±10.0),153,NaN,50.4,39.5,61.4,(±11.1),124,NaN,NA,NaN,NaN,NA,NA,NaN,NA,NaN,NaN,NA,NA,NaN,NA,NA,NA,NaN,NA,NA,NA,NaN,NA,NaN,NaN,NA,NA,NaN,70.9,50.4,85.4,(±18.0),39,NaN,43.7,31.6,56.6,(±12.8),85,NaN,NA,NaN,NaN,NA,NA,NaN,59.4,45.0,72.3,(±14.0),77,NaN,51.2,34.5,67.7,(±17.3),54,NaN,47.0,36.5,57.8,(±10.8),133,NaN,48.2,36.5,60.1,(±12.0),108,NaN,NA,NaN,NaN,NA,NA,NaN,NA,NaN,NaN,NA,NA,NaN,NA,NA,NA,NaN,NA,NaN,NaN,NA,NA,NaN,NA,NaN,NaN,NA,NA,NaN,NA,NaN,NaN,NA,NA,NaN,38.5,26.2,52.5,(±13.5),84,NaN,NA,NaN,NaN,NA,NA,NaN,55.3,41.1,68.7,(±14.1),76,NaN,39.8,23.0,59.5,(±19.1),43,NaN
West Virginia,42.9,37.0,49.1,(±6.0),337,NaN,39.7,33.2,46.7,(±6.8),254,NaN,49.7,37.2,62.3,(±12.8),75,NaN,NA,NaN,NaN,NA,NA,NaN,NA,NaN,NaN,NA,NA,NaN,NA,NaN,NaN,NA,NA,NaN,NA,NaN,NaN,NA,NA,NaN,NA,NaN,NaN,NA,NA,NaN,42.7,36.3,49.3,(±6.5),285,NaN,39.4,30.0,49.6,(±9.9),125,NaN,45.2,34.7,56.3,(±11.0),106,NaN,45.0,34.9,55.6,(±10.5),106,NaN,52.9,44.0,61.6,(±8.9),156,NaN,50.5,40.5,60.5,(±10.1),118,NaN,56.1,38.0,72.7,(±18.1),36,NaN,NA,NaN,NaN,NA,NA,NaN,NA,NA,NA,NaN,NA,NA,NA,NaN,NA,NaN,NaN,NA,NA,NaN,NA,NaN,NaN,NA,NA,NaN,52.6,43.1,62.0,(±9.6),132,NaN,56.2,40.9,70.4,(±15.2),54,NaN,48.1,33.3,63.3,(±15.4),53,NaN,54.8,40.0,68.8,(±14.8),49,NaN,33.5,26.2,41.7,(±7.8),181,NaN,29.7,21.8,39.1,(±8.7),136,NaN,42.9,26.9,60.4,(±17.4),39,NaN,NA,NaN,NaN,NA,NA,NaN,NA,NA,NA,NaN,NA,NaN,NaN,NA,NA,NaN,NA,NaN,NaN,NA,NA,NaN,NA,NaN,NaN,NA,NA,NaN,33.9,26.0,42.9,(±8.5),153,NaN,25.6,16.3,37.9,(±10.9),71,NaN,41.4,27.3,57.1,(±15.4),53,NaN,37.2,24.2,52.3,(±14.4),57,NaN
Wisconsin,55.7,49.6,61.7,(±6.1),332,NaN,55.0,48.3,61.5,(±6.7),277,NaN,62.9,46.2,77.0,(±15.9),46,NaN,NA,NaN,NaN,NA,NA,NaN,NA,NaN,NaN,NA,NA,NaN,NA,NaN,NaN,NA,NA,NaN,NA,NaN,NaN,NA,NA,NaN,60.0,42.1,75.6,(±17.4),42,NaN,52.8,45.5,60.0,(±7.3),234,NaN,44.0,30.9,57.9,(±13.8),67,NaN,64.2,54.5,72.9,(±9.3),135,NaN,52.1,42.5,61.6,(±9.6),130,NaN,61.0,52.0,69.3,(±8.7),156,NaN,58.3,48.4,67.5,(±9.7),125,NaN,NA,NaN,NaN,NA,NA,NaN,NA,NaN,NaN,NA,NA,NaN,NA,NA,NA,NaN,NA,NA,NA,NaN,NA,NaN,NaN,NA,NA,NaN,NA,NaN,NaN,NA,NA,NaN,58.3,47.4,68.4,(±10.6),108,NaN,NA,NaN,NaN,NA,NA,NaN,66.4,51.6,78.6,(±13.8),62,NaN,60.6,47.2,72.6,(±13.0),67,NaN,50.7,42.2,59.1,(±8.6),176,NaN,52.2,43.0,61.2,(±9.2),152,NaN,NA,NaN,NaN,NA,NA,NaN,NA,NaN,NaN,NA,NA,NaN,NA,NA,NA,NaN,NA,NaN,NaN,NA,NA,NaN,NA,NaN,NaN,NA,NA,NaN,NA,NaN,NaN,NA,NA,NaN,47.5,37.6,57.5,(±10.1),126,NaN,42.8,26.1,61.4,(±18.5),40,NaN,62.3,49.0,73.9,(±12.7),73,NaN,41.5,28.6,55.7,(±13.9),63,NaN
Wyoming,42.0,34.7,49.7,(±7.6),241,NaN,41.5,33.7,49.8,(±8.1),212,NaN,NA,NaN,NaN,NA,NA,NaN,NA,NaN,NaN,NA,NA,NaN,NA,NaN,NaN,NA,NA,NaN,NA,NaN,NaN,NA,NA,NaN,NA,NaN,NaN,NA,NA,NaN,48.0,29.6,66.9,(±19.6),34,NaN,41.8,33.5,50.6,(±8.6),188,NaN,40.0,31.6,49.1,(±8.9),164,NaN,50.4,37.2,63.5,(±13.5),69,NaN,NA,NaN,NaN,NA,NA,NaN,54.4,43.6,64.9,(±10.8),117,NaN,55.6,44.4,66.2,(±11.1),108,NaN,NA,NaN,NaN,NA,NA,NaN,NA,NaN,NaN,NA,NA,NaN,NA,NA,NA,NaN,NA,NA,NA,NaN,NA,NaN,NaN,NA,NA,NaN,NA,NaN,NaN,NA,NA,NaN,54.6,42.0,66.7,(±12.6),89,NaN,50.6,38.1,63.0,(±12.7),82,NaN,64.6,45.3,80.0,(±18.0),32,NaN,NA,NaN,NaN,NA,NA,NaN,30.3,21.6,40.7,(±9.6),124,NaN,26.8,17.9,37.9,(±10.0),104,NaN,NA,NaN,NaN,NA,NA,NaN,NA,NaN,NaN,NA,NA,NaN,NA,NA,NA,NaN,NA,NaN,NaN,NA,NA,NaN,NA,NaN,NaN,NA,NA,NaN,NA,NaN,NaN,NA,NA,NaN,29.5,20.1,41.0,(±10.6),99,NaN,30.0,19.8,42.7,(±11.6),82,NaN,36.1,20.7,55.0,(±17.8),37,NaN,NA,NaN,NaN,NA,NA,NaN
Guam,45.6,39.2,52.3,(±6.6),309,NaN,50.6,42.3,58.9,(±8.4),200,NaN,43.5,32.5,55.2,(±11.5),94,NaN,NA,NaN,NaN,NA,NA,NaN,NA,NaN,NaN,NA,NA,NaN,46.0,31.5,61.2,(±15.3),56,NaN,NA,NaN,NaN,NA,NA,NaN,NA,NaN,NaN,NA,NA,NaN,NA,NaN,NaN,NA,NA,NaN,NA,NaN,NaN,NA,NA,NaN,NA,NaN,NaN,NA,NA,NaN,NA,NaN,NaN,NA,NA,NaN,47.9,38.8,57.2,(±9.3),159,NaN,55.6,43.7,66.9,(±11.8),103,NaN,40.7,26.5,56.7,(±15.6),51,NaN,NA,NaN,NaN,NA,NA,NaN,NA,NA,NA,NaN,NA,NA,NA,NaN,NA,NaN,NaN,NA,NA,NaN,NA,NaN,NaN,NA,NA,NaN,NA,NaN,NaN,NA,NA,NaN,NA,NaN,NaN,NA,NA,NaN,NA,NaN,NaN,NA,NA,NaN,NA,NaN,NaN,NA,NA,NaN,43.5,34.6,52.9,(±9.3),150,NaN,45.7,34.5,57.4,(±11.7),97,NaN,46.2,30.2,62.9,(±17.0),43,NaN,NA,NaN,NaN,NA,NA,NaN,NA,NA,NA,NaN,52.8,33.6,71.3,(±19.9),34,NaN,NA,NaN,NaN,NA,NA,NaN,NA,NaN,NaN,NA,NA,NaN,NA,NaN,NaN,NA,NA,NaN,NA,NaN,NaN,NA,NA,NaN,NA,NaN,NaN,NA,NA,NaN,NA,NaN,NaN,NA,NA,NaN
Puerto Rico,NA,NaN,NaN,NA,NA,NaN,NA,NaN,NaN,NA,NA,NaN,NA,NaN,NaN,NA,NA,NaN,NA,NaN,NaN,NA,NA,NaN,NA,NaN,NaN,NA,NA,NaN,NA,NaN,NaN,NA,NA,NaN,NA,NaN,NaN,NA,NA,NaN,NA,NaN,NaN,NA,NA,NaN,NA,NaN,NaN,NA,NA,NaN,NA,NaN,NaN,NA,NA,NaN,NA,NaN,NaN,NA,NA,NaN,NA,NaN,NaN,NA,NA,NaN,NA,NaN,NaN,NA,NA,NaN,NA,NaN,NaN,NA,NA,NaN,NA,NaN,NaN,NA,NA,NaN,NA,NaN,NaN,NA,NA,NaN,NA,NA,NA,NaN,NA,NA,NA,NaN,NA,NaN,NaN,NA,NA,NaN,NA,NaN,NaN,NA,NA,NaN,NA,NaN,NaN,NA,NA,NaN,NA,NaN,NaN,NA,NA,NaN,NA,NaN,NaN,NA,NA,NaN,NA,NaN,NaN,NA,NA,NaN,NA,NaN,NaN,NA,NA,NaN,NA,NaN,NaN,NA,NA,NaN,NA,NaN,NaN,NA,NA,NaN,NA,NaN,NaN,NA,NA,NaN,NA,NA,NA,NaN,NA,NaN,NaN,NA,NA,NaN,NA,NaN,NaN,NA,NA,NaN,NA,NaN,NaN,NA,NA,NaN,NA,NaN,NaN,NA,NA,NaN,NA,NaN,NaN,NA,NA,NaN,NA,NaN,NaN,NA,NA,NaN,NA,NaN,NaN,NA,NA,NaN
U.S. Virgin Islands,NA,NaN,NaN,NA,NA,NaN,NA,NaN,NaN,NA,NA,NaN,NA,NaN,NaN,NA,NA,NaN,NA,NaN,NaN,NA,NA,NaN,NA,NaN,NaN,NA,NA,NaN,NA,NaN,NaN,NA,NA,NaN,NA,NaN,NaN,NA,NA,NaN,NA,NaN,NaN,NA,NA,NaN,NA,NaN,NaN,NA,NA,NaN,NA,NaN,NaN,NA,NA,NaN,NA,NaN,NaN,NA,NA,NaN,NA,NaN,NaN,NA,NA,NaN,NA,NaN,NaN,NA,NA,NaN,NA,NaN,NaN,NA,NA,NaN,NA,NaN,NaN,NA,NA,NaN,NA,NaN,NaN,NA,NA,NaN,NA,NA,NA,NaN,NA,NA,NA,NaN,NA,NaN,NaN,NA,NA,NaN,NA,NaN,NaN,NA,NA,NaN,NA,NaN,NaN,NA,NA,NaN,NA,NaN,NaN,NA,NA,NaN,NA,NaN,NaN,NA,NA,NaN,NA,NaN,NaN,NA,NA,NaN,NA,NaN,NaN,NA,NA,NaN,NA,NaN,NaN,NA,NA,NaN,NA,NaN,NaN,NA,NA,NaN,NA,NaN,NaN,NA,NA,NaN,NA,NA,NA,NaN,NA,NaN,NaN,NA,NA,NaN,NA,NaN,NaN,NA,NA,NaN,NA,NaN,NaN,NA,NA,NaN,NA,NaN,NaN,NA,NA,NaN,NA,NaN,NaN,NA,NA,NaN,NA,NaN,NaN,NA,NA,NaN,NA,NaN,NaN,NA,NA,NaN
United States,51.1,49.8,52.5,(±1.3),18700,NaN,49.6,48.1,51.1,(±1.5),14716,NaN,57.1,53.9,60.2,(±3.2),3327,NaN,51.3,44.7,57.9,(±6.7),657,NaN,57.3,47.0,67.0,(±10.1),247,NaN,53.1,44.7,61.3,(±8.4),601,NaN,53.3,49.4,57.2,(±3.9),1488,NaN,56.6,53.4,59.8,(±3.2),4021,NaN,47.8,46.2,49.4,(±1.6),11128,NaN,40.7,38.1,43.5,(±2.7),3593,NaN,56.1,53.9,58.3,(±2.2),7564,NaN,49.1,47.1,51.0,(±2.0),7543,NaN,53.7,51.8,55.6,(±1.9),8928,NaN,52.2,50.1,54.3,(±2.1),7062,NaN,59.4,54.7,63.9,(±4.6),1562,NaN,54.0,44.1,63.6,(±9.9),304,NaN,58.7,(±13.0),109,NaN,52.3,(±11.0),320,NaN,58.4,52.8,63.8,(±5.5),688,NaN,57.2,52.6,61.7,(±4.6),1938,NaN,50.7,48.4,53.1,(±2.3),5281,NaN,46.2,42.2,50.3,(±4.1),1695,NaN,56.8,53.6,59.9,(±3.1),3640,NaN,52.7,49.9,55.5,(±2.8),3593,NaN,48.7,46.8,50.6,(±1.9),9772,NaN,47.1,44.9,49.2,(±2.1),7654,NaN,54.9,50.5,59.2,(±4.3),1765,NaN,48.9,40.1,57.7,(±8.9),353,NaN,56.5,(±14.0),138,NaN,53.9,41.4,65.8,(±12.5),281,NaN,48.5,43.1,54.0,(±5.4),800,NaN,56.0,51.5,60.5,(±4.5),2083,NaN,45.0,42.8,47.3,(±2.3),5847,NaN,35.2,31.8,38.8,(±3.5),1898,NaN,55.5,52.3,58.5,(±3.1),3924,NaN,45.6,42.9,48.3,(±2.7),3950,NaN
